age,income,past_purchases,promo_email,sales
45.0,46496.43,1,0,171.76
39.0,57109.63,4,0,245.58
46.0,44151.6,1,0,158.99
55.0,53840.77,2,0,166.65
38.0,22127.71,3,0,141.59
38.0,64265.87,2,0,202.39
56.0,60024.11,1,1,281.34
48.0,43658.23,1,1,271.59
35.0,73184.91,3,0,233.84
45.0,78751.4,0,1,231.84
35.0,27848.8,3,0,158.03
35.0,44745.5,1,0,189.93
42.0,44617.15,1,0,202.46
21.0,41201.94,7,0,208.8
23.0,76589.5,3,0,246.45
34.0,56123.48,2,0,188.72
30.0,54709.7,4,0,223.93
43.0,19922.75,4,0,204.4
31.0,72708.36,0,1,208.53
26.0,35214.83,3,0,187.18
55.0,61198.65,3,1,297.1
38.0,65547.54,7,1,293.21
41.0,87213.17,3,0,216.42
26.0,33823.59,2,0,176.6
35.0,-390.24,4,0,159.56
41.0,63676.99,2,1,247.69
28.0,96010.22,2,0,230.21
44.0,84778.93,3,0,203.25
34.0,64193.19,0,0,189.28
37.0,50167.28,0,0,200.56
34.0,76142.45,3,1,258.84
59.0,40529.08,4,1,243.22
40.0,69527.16,6,1,302.91
29.0,70109.4,4,0,281.74
48.0,81204.2,2,0,247.31
28.0,115193.2,2,1,297.21
42.0,67848.32,8,1,319.68
20.0,49820.73,4,1,274.0
27.0,59488.51,3,0,184.66
42.0,24618.48,1,0,167.84
47.0,46105.74,2,0,167.45
42.0,51814.35,1,1,251.17
39.0,49518.23,3,1,243.06
37.0,63047.1,4,0,225.56
25.0,43551.6,0,0,148.98
33.0,82420.61,2,0,232.8
35.0,60004.14,5,0,224.21
51.0,59813.99,5,1,328.26
43.0,53442.11,3,0,233.54
22.0,63103.81,1,1,208.2
43.0,76501.97,3,0,231.95
36.0,42657.4,2,1,245.44
33.0,46837.67,5,0,204.29
46.0,53925.48,1,0,211.23
50.0,33082.58,3,1,260.13
49.0,43614.84,3,0,196.6
32.0,50475.58,4,1,275.9
37.0,77487.78,2,1,217.73
43.0,65251.23,2,0,234.06
50.0,63871.8,1,0,216.48
35.0,77017.96,0,0,172.87
38.0,57252.56,2,0,201.36
29.0,67809.3,2,0,161.75
28.0,57935.56,1,0,166.69
48.0,65307.25,5,0,261.28
54.0,48344.83,7,0,244.87
39.0,11223.66,2,0,149.5
50.0,57314.42,2,0,203.24
44.0,88454.96,2,0,228.83
34.0,78524.31,1,0,225.05
44.0,79307.95,2,0,208.74
55.0,84722.61,2,0,240.8
40.0,61773.15,5,0,208.7
56.0,63946.31,0,0,206.59
14.0,47646.96,3,0,178.12
48.0,53678.54,2,0,196.97
41.0,72315.42,5,1,285.51
37.0,84077.69,3,1,277.87
41.0,57211.07,5,1,257.58
20.0,50996.21,6,0,227.64
38.0,60010.56,3,0,220.01
44.0,72024.13,5,0,217.2
55.0,31122.9,2,0,166.58
35.0,14076.38,0,1,182.09
32.0,48989.26,6,0,212.97
35.0,35585.75,5,1,248.62
49.0,49837.2,3,0,236.74
43.0,57044.39,6,1,268.32
35.0,50935.03,3,0,152.04
45.0,89049.35,1,0,209.64
41.0,66534.9,0,0,180.46
50.0,66009.49,2,0,201.05
33.0,72444.14,2,0,214.31
37.0,37223.34,4,1,225.02
36.0,80782.24,5,0,225.32
25.0,58484.71,1,0,167.68
43.0,73409.61,4,0,221.81
43.0,38562.86,3,0,232.28
40.0,28924.82,2,1,250.0
38.0,76357.79,3,0,191.79
26.0,67528.19,2,0,161.86
36.0,41958.97,3,0,188.14
37.0,42606.74,5,0,249.13
32.0,82508.7,2,1,281.82
38.0,36211.76,5,0,204.75
44.0,92853.46,1,0,215.75
59.0,41987.59,0,1,242.96
42.0,72767.84,4,0,237.2
43.0,53427.63,6,0,269.35
39.0,72063.75,4,1,247.94
21.0,49117.72,3,0,198.0
40.0,56744.14,5,1,265.35
41.0,60818.38,2,0,209.41
65.0,39956.25,2,1,247.29
38.0,74816.49,2,1,274.05
43.0,49735.73,4,0,230.8
40.0,55428.0,3,0,233.05
28.0,40113.01,5,0,243.3
51.0,8753.33,2,0,154.78
48.0,56179.44,2,0,189.09
48.0,108252.31,3,0,237.69
31.0,75692.09,3,0,229.84
54.0,59614.79,4,1,293.33
26.0,54742.18,1,0,150.76
46.0,60449.32,0,0,206.28
62.0,70942.38,1,0,209.87
30.0,36383.74,4,0,166.31
34.0,82286.43,3,0,212.49
41.0,74307.63,4,0,215.94
35.0,74363.71,1,1,233.34
24.0,68769.51,5,1,292.41
41.0,60392.33,3,0,228.01
29.0,73457.22,4,0,262.13
45.0,71836.28,4,0,220.24
31.0,52919.19,4,0,215.18
55.0,48527.96,1,0,173.34
32.0,62037.13,4,0,218.52
37.0,90980.4,3,0,209.76
48.0,35217.86,2,0,156.82
28.0,30649.49,5,0,210.56
42.0,63295.22,4,0,194.76
53.0,61017.75,3,0,229.85
24.0,63466.83,4,1,251.91
42.0,64879.06,4,1,237.29
43.0,55535.95,3,0,156.06
48.0,89797.27,1,0,252.98
28.0,27981.92,2,0,123.69
27.0,43430.06,0,0,155.54
45.0,57934.9,4,0,227.62
43.0,27136.22,1,0,132.36
43.0,56482.91,5,0,216.66
43.0,93229.4,1,0,234.54
33.0,60417.73,4,0,222.88
42.0,64614.02,1,1,236.56
43.0,34796.7,6,0,221.0
33.0,47672.77,4,0,202.06
59.0,52496.07,1,0,172.42
45.0,53645.7,3,0,230.02
28.0,85632.88,3,0,233.82
47.0,71153.82,4,0,197.6
30.0,37770.84,2,0,183.33
48.0,64930.1,4,0,216.56
52.0,69964.43,3,0,219.97
32.0,82802.98,3,0,228.86
50.0,91610.81,2,0,220.57
44.0,39698.12,4,0,237.82
48.0,43782.85,3,0,168.03
59.0,34848.44,1,0,175.47
38.0,55319.6,1,0,191.72
32.0,69327.17,2,0,206.38
31.0,79746.69,2,1,261.48
32.0,58480.98,1,1,226.86
39.0,53603.05,6,0,217.15
43.0,63035.16,2,1,238.32
43.0,43297.14,5,0,237.85
48.0,101790.77,7,0,287.09
40.0,27846.78,5,0,240.56
55.0,63694.81,4,0,244.34
37.0,100472.12,3,0,195.8
67.0,60136.0,4,0,251.4
46.0,56199.22,1,0,188.26
31.0,52851.09,2,1,210.77
29.0,56392.17,4,0,237.12
45.0,87456.97,1,0,211.15
38.0,15762.76,4,0,164.23
47.0,90668.67,6,1,331.74
45.0,31520.86,3,0,206.74
39.0,54666.95,1,0,186.57
32.0,51415.11,2,0,188.02
25.0,71771.07,4,0,210.26
36.0,28037.51,3,0,198.32
49.0,69243.45,1,0,205.99
42.0,100486.19,7,1,337.05
28.0,32736.52,2,1,209.52
42.0,63794.12,5,0,255.2
44.0,46760.36,6,0,223.44
31.0,68517.74,1,0,214.69
42.0,60382.96,0,0,171.72
41.0,47170.26,2,0,201.91
29.0,69757.45,3,0,218.18
44.0,96086.96,5,0,248.86
46.0,56181.92,0,0,177.25
51.0,74395.16,0,0,156.0
51.0,34134.54,3,0,174.52
26.0,40871.27,4,0,162.43
31.0,69448.13,3,0,254.71
45.0,89682.32,4,0,220.94
45.0,67112.27,3,0,271.4
45.0,53738.84,5,1,286.6
79.0,59985.83,6,1,298.87
46.0,34991.85,3,0,203.97
51.0,72090.31,4,1,274.88
50.0,77646.66,1,0,184.23
47.0,50958.19,3,0,205.8
37.0,50599.16,3,0,213.02
48.0,65317.56,2,0,234.68
32.0,51265.61,4,0,217.36
38.0,58677.35,3,0,196.91
35.0,101994.44,5,0,297.29
41.0,55059.49,3,0,228.73
63.0,52833.2,3,1,269.79
21.0,47049.16,2,0,201.93
47.0,74883.84,0,1,292.01
24.0,56375.52,4,1,247.44
35.0,47012.54,3,1,226.66
51.0,86426.08,2,1,270.42
41.0,88392.06,4,0,221.72
29.0,47991.53,6,0,234.43
33.0,22669.2,4,0,146.89
47.0,80150.27,4,0,268.85
33.0,46307.4,2,1,219.21
42.0,75812.51,1,1,284.07
40.0,20597.92,1,0,99.69
33.0,77851.95,1,0,196.89
61.0,35776.56,4,0,180.64
46.0,74615.28,3,0,254.85
20.0,60285.46,4,0,243.74
42.0,40921.21,4,0,154.97
33.0,51859.27,2,1,255.87
49.0,73726.37,6,0,279.36
32.0,62117.89,3,1,264.67
39.0,71688.26,1,0,212.88
45.0,99528.81,3,1,312.37
49.0,28715.17,2,0,190.43
28.0,92344.25,2,1,254.49
37.0,62087.12,3,0,234.42
35.0,42024.32,3,0,193.84
33.0,33393.73,3,0,183.11
58.0,56217.59,3,1,276.38
44.0,78433.0,6,0,235.04
27.0,57449.02,6,0,200.08
49.0,90223.1,3,0,242.39
61.0,30976.49,3,0,222.46
50.0,59758.22,3,1,241.21
25.0,34952.13,2,0,170.86
35.0,67272.64,3,0,200.52
53.0,77737.75,3,1,267.05
33.0,51584.76,3,1,258.06
44.0,7915.72,1,1,205.32
48.0,63978.96,4,0,212.1
31.0,68734.77,1,0,221.85
39.0,68085.9,4,0,236.24
8.0,84715.64,2,0,203.68
30.0,38578.93,2,0,180.41
37.0,73604.32,5,0,283.07
28.0,83850.15,4,0,252.68
56.0,24428.25,1,0,148.62
26.0,66393.04,1,0,188.87
36.0,49916.4,5,0,220.34
41.0,58369.55,3,0,222.33
54.0,66953.53,1,1,258.95
26.0,50255.43,1,0,210.98
52.0,46485.84,5,1,267.77
40.0,60683.05,4,1,236.14
30.0,38255.08,4,1,247.64
45.0,38283.5,1,0,161.77
42.0,73587.47,0,0,164.5
34.0,37024.12,4,0,179.95
41.0,73326.25,2,0,206.51
36.0,69251.83,4,1,300.12
41.0,25483.87,1,0,126.39
47.0,46448.71,1,0,186.76
56.0,83882.19,4,0,296.22
28.0,40376.69,2,0,170.69
61.0,50711.91,1,0,187.29
20.0,69241.22,1,0,203.88
38.0,75667.81,3,0,235.35
46.0,54969.22,4,0,246.26
43.0,48049.8,2,0,186.11
34.0,88447.4,2,0,239.38
38.0,94777.99,4,0,268.1
35.0,79577.16,3,0,220.4
34.0,61706.36,1,0,186.48
48.0,43834.69,1,0,177.86
44.0,43391.11,3,0,170.42
33.0,70450.28,2,0,199.21
49.0,68367.96,3,0,252.79
43.0,88031.97,2,0,250.32
48.0,73009.0,6,1,295.47
46.0,29938.39,7,0,222.77
32.0,81038.95,4,1,306.32
34.0,40038.79,2,0,186.11
47.0,52320.57,2,0,212.06
46.0,65004.0,0,1,248.74
40.0,99913.35,5,1,324.12
41.0,122198.37,2,0,259.47
53.0,72134.46,4,0,214.62
34.0,56336.07,4,0,227.22
45.0,70690.11,4,0,228.99
38.0,77753.11,5,1,263.78
38.0,53586.65,3,0,191.59
51.0,95904.23,3,0,268.44
48.0,64601.42,5,1,250.41
48.0,69954.86,4,0,213.43
53.0,73318.49,3,1,282.59
40.0,68431.73,4,1,306.65
47.0,76778.81,3,0,250.19
37.0,47654.94,3,0,226.14
43.0,48833.96,4,0,214.61
39.0,37996.92,3,0,183.16
41.0,68790.02,1,1,266.14
46.0,75578.73,3,1,260.57
32.0,69155.46,2,0,185.52
61.0,93489.85,2,0,220.85
30.0,59888.08,4,0,236.64
28.0,73374.83,4,0,210.61
52.0,38165.98,1,0,193.97
48.0,52258.01,7,1,299.19
46.0,73910.76,3,0,249.07
46.0,76982.04,2,0,198.02
40.0,54120.66,6,0,221.55
31.0,58568.01,0,1,233.16
41.0,29642.53,6,1,251.4
33.0,52859.42,3,0,149.61
50.0,77807.66,3,0,205.24
39.0,71504.1,5,0,218.5
32.0,70013.31,5,0,215.1
37.0,60995.47,2,0,213.02
44.0,60141.26,4,1,278.95
34.0,46793.58,3,0,197.22
32.0,73976.57,6,1,340.04
42.0,68419.46,1,0,223.14
42.0,69840.38,3,1,287.1
35.0,49479.3,5,1,237.04
35.0,16933.14,3,0,165.77
42.0,81943.05,2,0,229.08
26.0,50423.25,0,0,154.88
26.0,42744.48,1,0,199.83
33.0,73869.58,4,0,231.3
38.0,52159.75,6,0,206.53
43.0,81198.73,2,0,202.81
55.0,72340.12,4,0,285.36
49.0,73671.39,1,0,199.56
38.0,32680.89,1,1,170.31
40.0,84238.88,9,1,332.16
30.0,65225.01,2,0,163.68
40.0,52614.46,2,0,210.87
37.0,62867.77,3,0,172.33
43.0,24475.3,4,0,158.04
32.0,68173.06,2,0,204.12
45.0,39412.57,1,0,194.2
55.0,32946.59,2,0,179.22
39.0,29552.82,1,0,133.86
44.0,82253.77,0,0,207.91
47.0,47414.73,3,1,241.51
36.0,90674.55,2,0,251.32
42.0,49283.97,6,0,247.5
40.0,25852.84,2,0,155.17
41.0,37669.51,2,1,243.75
32.0,84716.23,2,0,226.28
40.0,56882.04,6,1,314.34
45.0,49034.25,1,1,246.27
55.0,63200.36,4,0,241.4
50.0,70035.65,4,0,261.39
62.0,82347.98,2,0,233.42
32.0,88969.98,3,1,269.67
49.0,52804.63,0,0,181.18
42.0,33479.05,3,0,177.29
62.0,51730.7,4,1,284.76
32.0,65205.61,2,0,202.4
32.0,40724.82,4,0,204.58
34.0,40856.98,0,0,133.78
19.0,66875.76,2,0,206.42
35.0,59026.95,4,0,190.69
32.0,60655.94,4,0,236.1
42.0,44830.09,2,1,254.85
43.0,55391.99,3,0,214.06
59.0,41515.34,4,1,267.1
50.0,77803.97,4,1,288.08
34.0,80704.99,3,0,215.76
31.0,23076.24,3,0,168.28
45.0,41409.78,3,0,233.52
27.0,30069.41,2,1,218.05
58.0,46999.52,3,1,229.24
52.0,58331.24,4,0,190.06
35.0,31007.1,5,0,169.9
23.0,41562.8,5,0,195.45
54.0,39920.85,1,0,202.01
39.0,64145.35,5,0,213.1
52.0,61386.89,4,0,256.01
24.0,45565.25,2,0,181.18
34.0,63536.42,2,0,210.21
40.0,49066.4,1,1,238.21
40.0,54566.9,3,1,266.62
35.0,93469.04,5,0,252.99
46.0,86809.22,1,1,223.24
29.0,34008.38,2,0,156.9
39.0,76594.65,3,0,208.13
41.0,76227.93,3,0,233.04
45.0,37034.73,3,0,193.99
47.0,76375.55,3,0,224.49
29.0,90758.64,5,1,340.25
25.0,37549.1,4,1,227.06
53.0,41649.94,3,0,153.52
43.0,80353.23,5,1,304.4
33.0,65429.91,4,0,245.47
56.0,71029.53,1,0,214.53
41.0,66811.78,3,1,260.26
52.0,67813.92,3,0,228.52
41.0,33470.56,1,0,200.59
61.0,80946.35,5,1,293.75
58.0,83391.8,3,1,292.79
38.0,55412.19,2,0,207.57
50.0,59130.46,3,0,219.07
46.0,29377.85,3,0,177.65
54.0,70285.1,3,0,218.6
30.0,71441.15,1,0,190.91
47.0,58756.18,5,0,242.83
51.0,82487.07,1,1,277.25
22.0,53318.46,4,0,246.42
28.0,71292.12,2,0,174.64
20.0,39606.71,3,0,214.57
37.0,59528.96,4,0,214.09
47.0,56512.91,3,0,208.29
55.0,64506.16,8,1,339.19
41.0,52609.46,2,1,260.03
56.0,57370.55,2,0,228.65
26.0,76520.94,1,0,227.12
23.0,51264.72,1,0,171.95
39.0,27868.46,5,0,225.34
44.0,94991.68,2,0,224.33
40.0,87629.08,0,0,201.36
19.0,34154.75,2,1,210.18
39.0,73794.16,5,0,232.82
27.0,49940.5,4,1,254.62
47.0,65269.74,4,0,246.55
44.0,65884.48,4,0,240.74
31.0,55311.84,4,0,198.35
35.0,44324.69,1,0,157.84
29.0,46189.18,3,1,223.79
39.0,41676.16,1,0,173.14
50.0,43363.56,4,0,176.52
30.0,58656.43,4,1,245.92
45.0,45684.8,3,1,239.03
35.0,73641.04,3,1,292.1
32.0,89744.92,3,1,283.14
39.0,48398.94,4,0,227.98
30.0,64788.09,2,1,253.36
34.0,69993.7,3,0,207.74
28.0,69440.05,4,1,264.79
60.0,61519.11,5,1,268.02
40.0,74853.65,2,0,263.09
33.0,69644.98,2,0,228.36
42.0,35246.75,1,0,178.39
39.0,77383.12,2,0,190.76
38.0,77745.82,4,0,227.61
46.0,44734.28,2,1,218.3
48.0,60758.76,2,0,207.1
35.0,73666.58,4,0,212.47
34.0,55813.72,3,0,189.53
37.0,81459.56,4,1,272.06
17.0,107277.45,1,0,220.97
25.0,44280.28,3,0,188.13
54.0,32379.11,6,1,264.95
56.0,66076.37,3,0,254.96
38.0,74431.25,1,0,219.41
46.0,55382.67,3,1,242.6
43.0,89065.21,6,1,327.13
71.0,33227.88,4,1,244.61
51.0,73858.37,4,0,231.55
39.0,47882.78,1,1,236.83
30.0,94387.56,5,0,272.92
24.0,99850.31,0,0,200.07
42.0,44666.87,5,1,243.59
32.0,49008.86,2,0,186.98
26.0,77191.76,0,0,198.77
34.0,52257.39,3,0,186.26
29.0,59091.78,6,1,300.02
57.0,60507.77,3,0,231.73
49.0,21606.54,2,0,152.96
40.0,59723.25,2,1,272.29
55.0,46205.44,2,0,216.82
41.0,50137.54,3,0,241.88
31.0,88872.64,7,1,358.8
55.0,34869.86,0,0,144.43
45.0,76264.1,3,1,297.46
30.0,54420.74,3,0,216.83
38.0,54404.8,4,0,206.48
31.0,75807.44,3,1,280.53
26.0,66801.03,3,0,172.33
49.0,71412.26,3,0,187.94
59.0,79363.69,3,0,204.62
26.0,53373.83,7,1,294.17
46.0,47755.27,2,0,199.3
33.0,38296.99,2,0,169.57
35.0,43491.79,3,0,225.48
34.0,118981.89,3,0,285.76
31.0,84893.59,4,0,208.61
40.0,32978.51,2,0,169.78
32.0,33550.84,3,0,160.6
43.0,69637.32,3,0,229.27
39.0,70945.3,3,0,220.08
38.0,70977.68,2,0,192.12
31.0,54900.88,3,0,234.25
34.0,57490.91,1,1,235.75
48.0,66557.59,5,1,282.01
45.0,61717.86,4,0,219.16
30.0,15613.99,3,0,193.1
41.0,55404.01,4,0,234.13
48.0,42971.87,3,1,243.48
23.0,63504.23,3,1,235.32
45.0,119705.18,4,1,315.7
33.0,67349.63,3,0,204.39
46.0,53729.41,4,0,226.73
32.0,78436.03,2,0,229.75
22.0,69653.76,5,1,266.12
24.0,68401.89,4,0,236.28
40.0,72137.01,2,0,194.21
43.0,101130.87,3,0,240.19
31.0,37382.23,4,0,163.87
46.0,69472.64,4,0,203.08
23.0,41472.38,4,1,224.78
39.0,71110.25,5,0,240.27
28.0,41626.27,2,0,155.69
33.0,51652.66,3,0,228.36
40.0,54098.2,3,0,185.69
31.0,79516.33,3,0,228.89
36.0,78369.09,2,0,242.85
50.0,35085.65,3,0,191.97
34.0,61098.68,2,0,190.94
48.0,45808.4,6,1,282.93
29.0,34829.9,4,0,177.95
45.0,55659.66,2,1,228.29
54.0,53830.34,1,0,203.29
15.0,108534.33,4,0,244.51
32.0,68659.2,4,0,243.41
46.0,32447.65,2,1,241.26
38.0,48704.52,6,1,281.02
44.0,80427.67,3,1,301.7
34.0,101768.86,0,0,207.87
41.0,28280.33,3,0,194.39
38.0,22401.51,1,0,167.19
52.0,97419.3,2,1,287.23
43.0,67792.28,3,0,210.47
43.0,42634.15,2,0,190.9
36.0,70692.58,3,0,258.0
35.0,7285.05,3,0,150.2
36.0,60067.51,2,0,188.89
44.0,66556.42,5,1,312.1
36.0,78485.4,1,0,207.74
43.0,39722.08,3,1,258.49
61.0,61713.74,3,1,301.58
49.0,41491.51,3,0,157.71
37.0,65107.68,4,0,222.73
52.0,42093.07,4,0,203.5
36.0,51837.98,1,1,210.55
20.0,40083.69,4,0,151.52
30.0,73022.72,2,0,176.15
21.0,77169.02,1,0,199.9
36.0,55307.59,3,0,192.87
40.0,60764.76,4,0,204.82
57.0,31028.17,0,0,161.3
43.0,54006.47,4,1,251.8
38.0,58995.91,3,1,283.7
48.0,112415.86,4,0,264.15
18.0,37760.66,0,0,176.81
42.0,89283.54,2,1,279.86
48.0,79937.18,6,0,250.75
25.0,65612.73,4,1,253.73
51.0,95172.41,4,0,291.17
43.0,67442.11,2,0,223.05
36.0,67783.18,1,0,180.52
46.0,58937.59,2,0,204.48
63.0,84471.38,3,1,248.65
42.0,81929.38,2,0,196.21
42.0,47486.45,4,0,193.72
35.0,33615.06,3,0,165.82
32.0,55940.39,3,1,275.95
48.0,43999.23,1,0,139.87
31.0,58729.51,3,1,225.89
41.0,84748.76,4,0,254.15
35.0,50853.97,3,0,203.07
45.0,59143.53,2,1,244.54
43.0,61160.45,2,0,243.88
50.0,76968.62,4,0,254.5
35.0,15062.21,1,0,166.97
37.0,47865.99,4,0,205.5
30.0,64225.67,1,0,178.46
36.0,84001.58,2,0,211.14
44.0,50161.95,1,0,200.6
48.0,22468.95,1,0,171.71
31.0,72394.23,2,0,203.41
49.0,47292.75,4,0,221.07
54.0,36206.67,3,1,262.24
44.0,47513.09,4,1,248.3
59.0,56309.49,2,0,198.83
32.0,47905.11,3,0,202.97
28.0,15888.68,5,1,193.89
22.0,77941.32,5,0,248.36
55.0,85497.5,3,0,220.48
47.0,73030.44,4,1,305.14
39.0,37246.29,4,0,239.92
43.0,55970.17,3,0,193.43
29.0,59869.57,2,1,217.25
64.0,71975.89,3,1,280.61
41.0,73366.81,3,0,218.71
41.0,45316.52,5,0,229.08
47.0,61639.91,3,0,219.95
45.0,69145.61,2,1,255.62
42.0,89116.45,4,0,252.05
32.0,74090.13,4,0,207.69
45.0,75781.13,1,1,274.72
59.0,61676.53,5,0,273.45
53.0,88209.18,2,0,210.98
56.0,68195.26,1,0,174.58
35.0,42778.24,2,0,172.18
30.0,88067.4,5,0,228.69
39.0,73958.07,4,1,257.8
41.0,51139.12,5,1,243.38
51.0,50410.14,4,0,212.01
23.0,65931.51,1,0,179.24
55.0,69263.7,2,0,224.38
38.0,63945.85,1,0,181.9
36.0,66226.17,4,0,199.76
30.0,93999.15,2,1,278.6
23.0,81430.86,2,0,191.99
48.0,63812.71,3,0,228.17
41.0,78826.21,4,0,205.87
27.0,39349.52,2,0,129.6
27.0,67958.54,3,0,179.29
37.0,96186.13,4,0,246.14
57.0,55639.08,2,0,198.24
37.0,43047.32,3,0,194.49
25.0,46958.22,2,0,168.15
38.0,38207.34,5,0,190.05
37.0,44304.76,7,0,261.61
13.0,52589.84,4,1,272.48
39.0,31888.66,2,0,191.34
38.0,60312.37,0,0,185.34
47.0,78045.54,3,0,239.3
58.0,41844.88,3,1,234.99
51.0,90385.68,2,0,238.91
37.0,70215.84,1,0,180.07
29.0,80611.61,7,0,244.01
66.0,46843.31,4,0,187.36
41.0,77090.5,7,0,275.51
40.0,38161.32,4,0,201.5
40.0,77804.95,2,1,261.63
42.0,63436.79,2,0,195.75
39.0,71065.02,4,0,193.74
34.0,36488.11,2,0,178.75
35.0,42098.6,5,0,203.05
40.0,71944.56,4,0,249.7
35.0,41033.04,0,1,211.24
33.0,69264.13,0,1,249.82
41.0,32657.24,4,0,193.04
37.0,76963.48,2,0,219.32
55.0,35349.53,2,0,201.49
13.0,71046.0,5,0,223.94
51.0,72512.62,3,1,287.41
52.0,46064.56,4,1,253.42
19.0,71640.53,0,0,178.65
37.0,65208.85,2,0,235.37
36.0,49223.16,3,0,210.18
26.0,39828.91,3,0,171.96
32.0,20747.49,2,0,165.32
29.0,66993.0,3,0,185.84
58.0,28703.94,2,0,173.04
49.0,61906.88,2,0,187.52
53.0,54731.04,4,0,230.13
47.0,73582.86,4,0,233.41
29.0,53959.09,1,0,183.98
35.0,53411.04,4,0,226.27
45.0,74637.41,1,0,197.88
28.0,66701.16,5,0,222.1
47.0,66323.12,1,0,199.15
38.0,69385.35,4,0,210.97
36.0,29288.56,3,0,177.19
47.0,75135.77,2,0,219.52
44.0,72249.38,2,0,219.05
36.0,39666.34,1,1,226.25
52.0,55118.39,2,0,168.85
29.0,59213.85,1,0,158.11
46.0,57310.06,3,0,187.05
46.0,66677.2,1,0,201.49
37.0,88627.34,1,1,261.39
43.0,81635.33,2,0,177.91
27.0,33755.62,5,0,236.44
49.0,72441.4,6,1,267.28
38.0,86578.67,2,0,226.26
35.0,67736.17,3,1,276.39
50.0,81819.61,5,0,242.67
33.0,100245.41,5,0,279.52
26.0,80474.19,0,1,223.27
24.0,64986.17,3,1,260.63
46.0,80901.77,3,0,190.32
27.0,62897.76,1,0,209.96
58.0,60478.06,1,0,199.27
19.0,52971.72,0,0,130.67
57.0,91268.27,3,1,312.33
42.0,43631.43,2,0,217.33
39.0,90647.35,1,0,201.64
35.0,69997.28,6,1,293.07
44.0,32013.88,0,0,143.71
40.0,67352.99,1,0,181.76
51.0,17999.47,3,1,206.0
41.0,72510.16,2,1,250.15
42.0,77704.63,2,1,256.61
36.0,48152.88,6,0,219.21
39.0,62470.95,3,1,253.6
43.0,99083.15,1,0,245.85
23.0,49885.07,3,0,204.77
27.0,38821.85,4,1,211.41
47.0,89633.27,0,0,201.48
42.0,99251.74,2,1,315.12
38.0,60073.91,1,0,195.03
40.0,80229.26,3,0,237.01
43.0,86829.52,5,1,313.35
35.0,45150.32,4,0,197.22
32.0,50293.88,2,0,185.58
42.0,84617.49,3,0,227.52
30.0,93700.29,3,1,305.92
44.0,71257.62,5,0,235.4
23.0,42403.71,1,0,161.63
50.0,99741.22,4,0,279.59
45.0,49380.58,0,1,215.19
43.0,53297.24,2,0,193.16
50.0,66846.76,2,1,254.6
57.0,91083.21,1,0,227.62
50.0,77079.52,4,0,235.66
22.0,68297.31,5,0,218.38
27.0,69265.77,2,0,188.71
34.0,60870.29,4,0,214.3
40.0,71162.79,4,1,301.66
45.0,9408.8,2,0,164.47
33.0,54067.85,2,0,158.86
42.0,64826.44,3,0,207.18
32.0,36979.72,3,0,170.44
34.0,67726.47,3,0,183.42
26.0,55910.58,4,0,214.38
31.0,95109.51,5,0,258.57
26.0,91460.39,4,0,285.16
30.0,50683.89,4,1,249.12
51.0,56983.25,2,0,186.73
31.0,58521.05,2,0,176.32
66.0,50966.81,5,0,225.1
45.0,63900.5,2,1,268.17
42.0,44834.36,1,0,189.86
31.0,37387.69,2,0,231.62
47.0,72454.22,4,1,261.82
34.0,72590.59,2,1,261.44
41.0,43913.68,4,1,240.84
66.0,77907.11,1,1,277.72
39.0,47368.45,3,0,224.55
51.0,65063.3,5,0,258.05
33.0,76406.88,4,0,208.74
40.0,59327.75,1,0,202.85
58.0,69094.82,2,1,225.68
34.0,49671.41,2,0,138.94
58.0,56070.67,7,0,250.15
47.0,55882.81,2,0,211.64
34.0,45068.43,3,1,249.22
46.0,56464.52,3,1,297.74
50.0,29027.63,6,0,216.08
46.0,50176.93,2,1,241.15
24.0,54302.49,2,0,209.56
33.0,54876.4,2,0,183.76
38.0,55170.05,1,0,191.71
39.0,58764.72,3,0,217.37
46.0,69588.83,5,0,223.26
42.0,77490.34,4,0,246.13
27.0,47004.7,4,1,294.03
44.0,35935.98,3,0,210.57
46.0,39159.11,2,0,165.43
46.0,50255.94,4,0,259.83
51.0,52961.57,3,0,222.15
48.0,44600.08,3,0,207.25
45.0,34077.67,1,0,164.43
39.0,50877.58,4,0,224.18
23.0,63628.53,3,0,207.56
44.0,71900.59,1,0,204.44
42.0,48851.54,1,0,177.23
43.0,51740.04,1,1,252.57
27.0,41466.03,2,0,192.34
29.0,59371.22,3,0,200.98
51.0,43031.43,3,0,167.92
40.0,71462.56,3,0,221.99
47.0,24282.67,1,0,143.33
40.0,52807.41,3,1,243.48
40.0,66022.15,2,1,253.67
49.0,63676.69,1,0,177.16
35.0,113860.67,1,0,209.07
41.0,66996.0,1,0,203.32
35.0,39918.91,4,1,248.14
36.0,58090.72,3,0,205.69
37.0,24475.07,2,0,173.14
42.0,58388.01,2,1,236.31
35.0,43338.88,3,0,197.59
53.0,78307.81,2,1,301.34
31.0,49009.19,4,1,249.44
38.0,57664.68,2,1,284.72
36.0,47288.84,3,0,196.09
54.0,94777.03,5,0,254.96
42.0,53575.14,5,1,291.55
50.0,96651.14,2,1,289.56
25.0,76283.04,1,1,269.91
43.0,69641.33,1,0,209.24
49.0,67374.66,4,0,225.27
41.0,67875.95,1,0,228.71
51.0,21446.55,4,0,176.79
35.0,54422.33,1,0,138.52
54.0,76903.16,5,1,321.56
63.0,59022.06,1,0,207.52
36.0,31896.2,1,0,185.76
36.0,58951.91,2,0,179.09
55.0,94082.11,4,0,256.41
56.0,84937.83,0,0,205.63
35.0,58759.92,4,0,234.82
36.0,79028.99,0,0,209.95
37.0,52669.86,1,1,235.56
27.0,25922.57,3,1,223.63
31.0,41510.68,1,1,193.9
30.0,91257.78,4,0,261.61
32.0,54520.14,3,1,266.46
40.0,55132.32,2,1,290.78
42.0,54003.24,4,1,274.59
56.0,98082.73,7,1,358.48
30.0,92519.18,4,1,307.08
50.0,104375.6,4,0,255.36
38.0,56819.1,3,1,280.74
40.0,65912.49,3,0,214.55
47.0,29667.15,2,0,169.18
29.0,89538.69,2,0,221.23
44.0,36644.41,3,0,187.24
42.0,64335.51,3,0,205.44
45.0,38053.95,2,1,234.82
43.0,48222.66,3,0,197.74
65.0,43254.75,3,0,201.9
34.0,47842.49,3,0,204.45
35.0,49217.55,4,0,208.08
34.0,49034.62,3,0,184.84
34.0,76666.68,8,1,308.62
34.0,37902.74,3,0,186.68
52.0,64410.83,2,0,195.42
54.0,84359.18,4,0,235.09
34.0,49736.07,0,0,150.79
32.0,45641.62,4,0,206.58
45.0,55389.51,2,1,271.62
34.0,83594.5,1,0,217.79
46.0,63882.15,2,0,224.78
42.0,49375.71,1,0,179.0
25.0,69677.53,1,0,194.94
55.0,37954.16,4,0,238.75
58.0,73627.19,3,0,249.18
34.0,68172.15,2,0,223.85
36.0,53843.83,3,0,196.62
43.0,43228.28,3,0,194.55
43.0,42266.38,3,0,202.05
47.0,70696.35,5,1,281.86
60.0,84579.61,4,0,207.37
38.0,47253.85,1,0,184.3
32.0,69167.73,2,1,274.4
26.0,18259.46,3,0,162.47
33.0,48307.65,3,0,182.73
40.0,59378.82,5,1,272.6
58.0,41806.33,2,0,150.21
35.0,41269.87,3,0,182.02
42.0,46644.41,4,0,185.46
40.0,65843.85,2,0,191.77
52.0,56253.42,2,0,178.88
65.0,15235.38,1,0,132.25
35.0,17586.0,3,0,144.85
35.0,47862.7,4,0,218.07
50.0,69153.73,6,1,294.18
47.0,5049.9,2,0,126.3
58.0,50005.4,5,0,244.32
46.0,49475.04,4,0,214.97
36.0,87766.76,7,0,228.7
46.0,52299.56,4,0,235.17
51.0,67659.78,3,0,224.64
48.0,62825.14,2,1,272.34
45.0,17388.67,5,0,185.42
51.0,75364.14,6,1,342.79
52.0,64307.93,2,0,202.52
54.0,70165.37,2,0,164.36
46.0,138524.75,2,0,263.98
38.0,18317.74,1,0,157.52
41.0,94493.93,4,0,258.41
52.0,54251.05,5,1,277.83
32.0,65746.58,5,1,261.93
44.0,59089.76,5,1,281.3
36.0,51515.27,3,1,249.26
40.0,48603.34,5,0,218.25
53.0,66590.17,3,0,233.74
42.0,29656.53,0,0,154.25
40.0,75011.58,2,1,260.2
26.0,51676.11,2,0,164.83
47.0,37398.61,3,0,218.33
46.0,50999.74,3,1,293.86
62.0,85142.98,4,0,290.84
37.0,49293.3,4,0,221.74
42.0,67169.07,3,0,184.76
42.0,45380.87,2,0,150.68
56.0,75158.44,2,0,212.08
39.0,73710.15,4,1,282.14
43.0,96972.18,3,0,246.45
46.0,56488.72,0,0,183.4
42.0,73373.1,4,1,256.46
36.0,61961.35,3,0,241.88
42.0,85917.44,2,0,256.99
51.0,45623.35,1,1,204.76
30.0,74900.11,3,0,182.54
41.0,56106.05,3,0,204.98
33.0,58716.24,2,0,220.46
52.0,61835.05,1,0,197.17
25.0,65044.81,3,0,212.63
34.0,57675.42,5,1,266.09
44.0,64294.26,4,0,229.11
56.0,91562.36,3,1,318.28
39.0,79708.99,4,0,247.62
34.0,77383.09,6,1,316.12
59.0,50889.21,4,0,187.03
26.0,42215.18,2,0,217.74
18.0,79106.01,2,1,225.09
44.0,77520.94,2,0,222.85
35.0,89453.41,2,0,223.93
30.0,47920.39,2,0,180.68
47.0,55409.03,2,0,216.35
42.0,27210.32,2,1,204.27
34.0,52150.58,1,0,170.68
27.0,79931.41,2,0,190.6
49.0,50670.09,1,1,257.48
47.0,72809.6,4,0,241.38
39.0,56189.94,1,1,248.44
58.0,66481.14,4,0,251.95
29.0,37046.17,2,1,261.52
25.0,61704.19,1,0,220.42
33.0,177.28,4,0,163.18
40.0,56262.08,4,1,269.19
42.0,27390.54,4,0,177.96
38.0,84119.89,2,1,287.8
44.0,75548.15,2,1,281.45
27.0,69333.42,2,0,188.49
54.0,90420.12,2,1,302.03
39.0,41021.67,2,0,200.78
51.0,94947.26,5,0,248.1
43.0,78643.83,1,0,214.16
45.0,55268.89,1,0,186.24
46.0,82712.4,5,0,255.45
44.0,37874.13,3,0,171.06
46.0,43509.72,2,0,150.19
53.0,47828.21,4,0,199.37
42.0,49420.45,2,0,172.49
47.0,38868.85,3,1,249.48
39.0,84461.66,3,0,241.4
54.0,54822.91,4,0,228.28
33.0,67050.1,4,1,245.73
58.0,48592.97,2,0,175.21
40.0,23587.93,2,1,201.05
26.0,65401.15,1,0,188.71
41.0,21754.9,6,0,195.69
33.0,58627.32,4,0,221.43
48.0,32633.7,3,1,256.35
33.0,99745.52,2,0,216.5
36.0,78227.25,2,1,246.77
21.0,62115.08,2,0,195.37
35.0,85274.13,5,0,251.37
16.0,43073.68,1,0,175.82
24.0,70869.59,3,0,213.1
48.0,63996.21,1,0,232.61
48.0,65280.4,1,1,217.45
44.0,85447.07,7,1,344.38
30.0,74649.84,6,0,253.8
40.0,65774.47,1,0,167.48
40.0,26902.25,5,1,205.53
28.0,40799.07,3,1,212.51
55.0,57545.82,2,1,279.24
49.0,61867.45,3,1,288.16
38.0,37395.93,3,1,233.72
40.0,108233.53,4,1,311.12
42.0,90327.88,6,1,304.25
20.0,72042.37,3,0,208.09
38.0,61440.74,3,0,200.72
33.0,55755.82,5,0,256.54
30.0,40961.63,0,0,131.22
37.0,61549.61,5,0,237.99
58.0,65155.05,2,0,249.28
46.0,35164.79,1,1,233.86
34.0,66683.53,4,0,201.34
46.0,56894.82,4,1,238.91
54.0,21843.85,5,1,254.33
49.0,42792.3,2,1,240.43
41.0,51727.89,2,1,266.67
34.0,97753.75,4,1,315.49
47.0,71131.06,4,0,224.93
44.0,33290.37,3,0,174.2
49.0,69720.73,1,0,178.07
46.0,29053.92,1,0,164.82
50.0,81653.82,1,1,238.81
35.0,50577.51,1,0,196.1
53.0,58127.28,4,0,236.5
42.0,86515.93,3,0,248.65
61.0,34256.73,4,0,178.2
33.0,32057.64,3,0,175.61
57.0,48328.01,3,0,199.22
42.0,80767.58,3,0,233.81
33.0,29613.08,0,0,156.93
35.0,3356.89,6,0,170.67
37.0,50976.82,4,0,199.86
44.0,71034.82,1,1,266.75
45.0,84005.23,6,0,244.03
34.0,50736.77,1,0,162.94
40.0,51771.47,3,0,201.77
61.0,83078.01,6,1,341.78
57.0,22605.17,3,0,161.87
44.0,52229.58,1,0,220.21
40.0,63808.48,4,0,196.99
41.0,68984.37,1,0,230.59
46.0,49803.87,4,0,236.86
30.0,60688.82,5,1,246.97
37.0,10233.45,1,0,106.3
23.0,46835.03,2,1,242.89
44.0,69070.17,5,0,233.52
46.0,40354.12,9,1,283.45
35.0,61179.68,5,1,315.0
56.0,68937.45,4,0,212.93
28.0,53149.02,4,0,192.48
25.0,63409.28,4,0,203.92
42.0,40745.35,3,0,135.88
50.0,55867.77,2,1,252.93
57.0,72204.32,2,1,252.39
35.0,63139.46,7,0,267.06
51.0,48269.37,4,0,232.49
40.0,64484.33,3,0,218.93
38.0,74292.2,1,1,258.29
49.0,19001.17,1,0,156.69
47.0,83181.48,2,1,262.44
24.0,53274.91,2,0,173.1
55.0,68509.8,4,1,312.36
54.0,83944.94,3,0,255.55
34.0,32566.53,4,0,193.56
44.0,45811.18,6,1,289.79
45.0,54229.03,2,0,195.48
43.0,44324.93,5,1,269.33
34.0,94698.73,1,0,233.84
33.0,42864.56,4,1,208.02
40.0,48889.06,2,0,206.88
52.0,64087.78,5,0,256.64
45.0,35957.01,2,0,163.06
36.0,52086.39,4,0,235.12
48.0,66349.07,2,0,165.86
12.0,53342.79,6,0,226.16
51.0,58132.26,2,0,204.67
23.0,49413.36,0,0,154.53
36.0,29710.59,2,0,168.29
29.0,66431.86,3,0,222.49
27.0,95098.66,2,1,242.51
52.0,60368.03,4,1,296.19
35.0,64505.28,2,0,193.96
43.0,73854.46,2,0,235.9
40.0,34613.39,4,1,257.25
45.0,94050.29,1,0,217.81
41.0,64046.58,1,0,192.84
27.0,92637.14,4,0,245.81
50.0,45339.34,3,0,232.45
35.0,96361.24,8,1,321.08
24.0,75503.11,1,0,188.96
36.0,71060.8,4,0,197.28
55.0,64680.49,2,0,214.66
49.0,55029.43,2,0,186.81
37.0,84010.63,3,0,222.22
37.0,62807.2,4,0,250.75
37.0,20658.61,3,0,152.58
61.0,37656.27,4,1,254.85
44.0,56283.08,5,0,219.02
44.0,66199.98,5,1,280.43
50.0,58868.23,2,0,259.46
42.0,84379.42,5,1,270.87
37.0,20977.96,3,0,182.56
38.0,62871.76,5,0,280.44
39.0,23640.42,3,1,244.86
40.0,75194.25,6,0,255.95
47.0,58110.83,1,1,218.29
41.0,68392.2,1,0,224.75
47.0,42722.34,4,1,275.13
39.0,85589.3,3,1,254.59
41.0,80834.49,7,0,264.82
20.0,71670.89,2,0,177.56
49.0,57409.66,0,0,124.8
43.0,71597.15,2,1,238.74
50.0,45862.15,3,1,252.96
11.0,77111.11,2,1,264.24
61.0,92989.62,3,0,246.96
39.0,81412.21,3,1,308.2
51.0,45407.95,1,0,201.54
30.0,67228.35,4,0,219.52
46.0,34137.17,4,0,192.15
29.0,71447.81,4,0,233.84
34.0,69012.07,3,1,265.54
59.0,22603.67,2,0,143.66
38.0,36764.32,2,0,169.9
42.0,54337.22,2,0,208.74
49.0,53982.81,0,0,204.63
45.0,35810.46,4,0,217.49
42.0,67779.57,2,0,215.22
44.0,65029.47,4,0,256.0
64.0,56114.62,2,1,266.61
39.0,44884.17,7,1,282.83
42.0,80974.14,5,0,281.55
51.0,93108.14,3,0,262.77
51.0,50328.77,1,0,211.9
52.0,47756.66,4,1,239.94
46.0,69824.15,1,0,185.81
29.0,52839.41,2,0,170.78
56.0,57212.06,2,0,209.01
29.0,74793.06,4,1,315.55
43.0,21812.88,5,0,170.55
32.0,86366.05,2,0,240.7
39.0,61453.61,2,1,227.08
43.0,51770.14,2,0,235.76
43.0,58215.32,3,0,177.89
44.0,59248.59,4,0,236.16
56.0,25375.97,1,1,231.05
45.0,89898.76,4,1,314.57
38.0,60826.51,5,1,262.06
50.0,68860.04,1,0,182.55
52.0,79031.0,2,1,300.43
28.0,39576.75,3,0,204.41
46.0,69469.44,1,0,223.15
47.0,54647.18,3,1,281.27
37.0,76935.42,4,0,204.73
54.0,17455.45,4,0,153.01
38.0,58018.11,3,0,193.84
41.0,47943.59,5,1,258.98
38.0,68645.26,1,0,186.06
40.0,69400.88,4,1,285.03
29.0,45847.48,2,0,202.67
26.0,45756.52,1,0,162.68
56.0,57786.69,4,0,209.45
32.0,42067.16,3,0,204.09
30.0,76839.67,2,0,206.24
18.0,52615.86,2,0,184.0
34.0,1860.24,1,0,122.02
27.0,52503.56,2,1,242.69
56.0,39229.12,4,0,187.16
50.0,27374.48,4,0,206.95
33.0,35251.47,6,0,211.16
63.0,62188.17,1,0,188.16
50.0,86572.82,4,0,262.1
37.0,66263.69,0,0,169.33
15.0,47869.93,2,0,160.95
63.0,69118.08,2,1,246.55
26.0,50818.19,2,0,149.8
24.0,46107.99,1,0,178.57
50.0,36912.75,3,0,215.34
64.0,24963.42,5,0,198.15
54.0,52201.53,1,0,173.15
46.0,63161.07,2,0,169.73
46.0,58067.53,5,0,187.57
49.0,51680.66,2,0,210.48
48.0,41085.08,2,0,145.4
43.0,72164.92,4,0,210.69
41.0,33657.36,2,0,179.85
39.0,75520.56,2,0,217.0
32.0,39955.66,3,0,192.68
37.0,44951.3,4,0,203.69
23.0,30664.3,4,0,175.06
39.0,49971.96,4,0,186.72
30.0,79506.25,5,0,231.88
29.0,70312.56,2,0,199.01
42.0,79568.44,0,0,162.66
54.0,70442.85,3,1,261.68
49.0,37926.6,3,0,185.07
24.0,53384.22,2,0,171.75
30.0,44396.02,3,0,182.6
49.0,86611.5,5,1,324.69
30.0,36064.23,1,1,226.98
38.0,77873.95,2,0,246.98
46.0,77859.08,4,0,210.45
30.0,96592.4,2,1,273.34
41.0,51806.27,0,0,196.88
27.0,74246.44,5,1,252.66
34.0,105633.04,0,0,199.1
43.0,47647.17,2,1,226.93
24.0,29299.2,3,0,212.22
44.0,22399.8,2,0,145.11
40.0,74254.24,6,0,275.83
46.0,22337.0,5,1,244.54
42.0,52553.62,3,0,180.74
54.0,68746.26,4,0,291.56
41.0,63703.51,5,0,238.22
36.0,68508.9,2,0,213.89
41.0,64445.8,2,1,265.75
45.0,85577.32,4,0,257.43
40.0,40953.67,4,0,244.24
40.0,46460.1,7,1,322.38
33.0,44546.81,6,0,202.4
33.0,76603.84,4,0,273.66
26.0,78007.97,3,1,256.99
57.0,69024.51,5,1,304.22
28.0,83669.87,2,1,238.42
33.0,36439.18,6,0,233.71
33.0,93344.48,2,0,223.61
49.0,90464.77,6,1,301.95
37.0,74712.44,3,0,247.01
52.0,95635.98,2,0,270.6
33.0,26867.54,5,0,222.9
43.0,49511.04,3,1,220.45
32.0,45293.93,2,0,212.59
61.0,74429.59,2,0,219.15
28.0,38997.19,1,0,204.09
43.0,75149.9,4,0,249.2
46.0,87410.72,2,1,285.61
44.0,73904.06,3,0,226.14
38.0,65675.02,2,0,204.48
39.0,40242.53,3,0,176.0
40.0,43062.98,2,0,161.92
39.0,84992.38,0,0,197.0
50.0,75586.98,2,1,294.22
62.0,59219.61,3,0,192.34
34.0,51641.81,1,0,205.67
26.0,19483.84,2,0,155.5
39.0,38582.95,3,0,203.77
66.0,98228.38,1,1,307.79
32.0,34390.89,4,0,208.94
56.0,63789.6,1,0,202.43
57.0,80148.88,5,1,309.58
34.0,34901.55,1,0,180.02
46.0,63694.21,1,1,225.71
56.0,78758.31,5,1,283.01
36.0,60249.99,0,0,169.06
38.0,117368.06,2,0,262.11
34.0,26628.01,2,1,252.14
30.0,81174.57,4,1,287.06
34.0,56543.97,2,0,233.3
28.0,75438.4,4,0,239.63
40.0,68826.14,5,1,279.93
32.0,45336.88,2,0,204.43
42.0,64579.93,3,1,260.89
24.0,22841.97,4,0,180.09
43.0,72064.95,5,0,216.99
48.0,65963.17,2,0,179.96
20.0,72773.2,4,0,233.88
44.0,81162.37,4,0,265.11
52.0,67352.4,2,0,252.4
28.0,62961.79,3,0,190.73
57.0,42378.63,0,1,250.02
44.0,45755.58,7,0,264.14
33.0,83734.69,0,0,190.39
39.0,88726.71,0,0,236.21
46.0,55237.79,1,0,206.91
41.0,60920.05,1,0,214.14
45.0,41907.71,0,0,207.95
31.0,83455.14,1,0,230.87
42.0,73308.34,5,0,201.42
26.0,98824.35,0,0,218.21
39.0,42433.54,6,1,240.54
31.0,52439.84,3,0,200.95
33.0,64628.92,4,1,272.82
52.0,72929.79,0,1,237.44
51.0,55686.65,7,1,280.59
46.0,42540.78,4,1,244.98
29.0,77628.15,0,0,185.42
37.0,74422.71,2,0,210.21
52.0,41674.52,8,1,299.85
41.0,87108.86,3,1,299.52
63.0,83403.97,2,1,278.75
44.0,62685.93,3,1,290.25
42.0,61591.96,4,0,221.79
37.0,71081.16,1,0,218.03
41.0,42765.94,5,0,207.34
38.0,60600.63,1,0,244.71
47.0,16952.33,5,1,249.84
50.0,77529.11,2,0,255.02
32.0,28770.14,1,1,190.96
27.0,90068.4,0,0,194.47
22.0,53397.6,2,1,229.17
45.0,55766.66,1,0,237.77
29.0,47445.32,2,1,227.67
18.0,54239.22,0,0,147.01
44.0,88370.63,3,1,316.33
65.0,10243.83,6,0,203.88
40.0,85539.31,2,1,271.15
48.0,66760.47,0,0,178.75
41.0,35859.57,2,0,186.05
39.0,38493.75,1,0,189.25
49.0,93527.86,6,0,293.88
37.0,41089.86,4,0,190.05
43.0,36932.99,1,1,198.52
43.0,82746.29,2,1,193.97
33.0,66771.06,5,0,214.52
50.0,41241.49,2,1,228.76
38.0,64332.5,3,0,212.28
32.0,39484.95,2,1,220.29
45.0,82016.43,1,0,270.72
31.0,81227.42,5,0,256.56
40.0,70640.12,3,0,196.03
40.0,67233.22,3,0,230.3
51.0,95223.76,2,0,248.48
45.0,59993.73,5,0,211.37
40.0,36362.52,2,0,182.01
48.0,68989.48,2,0,223.68
54.0,101720.94,2,0,269.16
46.0,39704.81,0,0,126.98
40.0,52770.74,3,0,215.78
27.0,68328.92,5,1,309.97
29.0,58921.9,2,0,231.35
37.0,40353.93,2,0,154.31
34.0,82437.16,4,0,236.47
38.0,106400.81,5,0,274.48
41.0,63922.63,4,1,287.72
45.0,41918.63,2,0,181.27
39.0,29020.79,2,1,204.36
45.0,65159.52,2,1,261.94
41.0,82077.55,2,0,215.65
20.0,69503.35,2,0,210.87
31.0,59951.92,3,0,189.06
39.0,48214.57,5,0,197.05
28.0,38156.73,3,0,208.42
46.0,76695.03,3,1,325.15
55.0,78275.43,5,1,342.37
52.0,29085.4,4,1,243.74
38.0,91796.78,1,0,241.83
55.0,71481.42,2,0,205.21
41.0,87991.89,1,0,228.9
37.0,33157.45,5,0,189.8
34.0,32683.52,0,0,174.75
37.0,57020.61,5,0,247.98
36.0,70055.69,4,0,269.63
42.0,95927.22,3,0,242.19
42.0,74121.58,3,0,256.51
40.0,55146.37,3,0,215.29
44.0,39472.62,1,0,173.17
52.0,84600.01,1,0,227.29
49.0,40705.89,2,0,219.41
25.0,92569.37,3,0,232.51
14.0,54312.31,3,0,189.92
49.0,91811.64,3,1,255.17
26.0,73578.63,4,0,223.8
38.0,57260.09,5,1,281.42
28.0,49612.07,2,0,168.52
22.0,53181.84,2,0,164.01
45.0,68566.33,3,0,184.25
48.0,61543.13,2,1,243.65
34.0,48123.77,4,0,233.66
14.0,56687.37,5,0,184.1
35.0,61571.54,4,0,234.62
44.0,17425.32,4,0,196.97
25.0,69163.36,5,0,280.83
42.0,40405.58,2,1,252.09
40.0,36933.35,5,1,275.95
46.0,26253.11,1,0,166.5
41.0,24122.15,2,0,164.74
30.0,32891.05,3,0,195.07
52.0,45819.58,3,0,226.78
38.0,99065.18,3,0,251.68
40.0,49482.41,2,0,215.18
31.0,63555.0,5,0,286.55
36.0,68009.63,3,0,217.21
31.0,62621.3,2,0,200.18
38.0,58451.13,3,1,255.74
57.0,36094.12,6,1,277.33
26.0,89018.55,8,0,306.62
24.0,96143.93,3,0,239.82
55.0,26346.83,0,0,157.49
38.0,39519.43,5,0,203.48
33.0,54403.79,3,0,210.84
50.0,40709.24,4,0,195.84
34.0,70119.31,3,1,242.57
58.0,45434.56,2,1,253.52
47.0,103301.12,3,0,296.28
35.0,83810.97,1,0,205.57
62.0,64251.48,3,0,204.21
34.0,80539.73,0,0,235.82
47.0,82118.01,1,0,216.74
43.0,48721.05,3,0,219.11
53.0,43675.66,1,0,165.61
56.0,61562.86,0,0,189.57
40.0,77232.72,0,0,225.4
32.0,62781.21,4,0,221.63
45.0,28460.07,3,0,183.62
33.0,43943.51,4,1,220.78
60.0,58520.54,7,1,324.33
41.0,58486.69,3,1,243.45
36.0,99450.84,1,1,300.02
42.0,32280.24,3,1,237.25
27.0,70111.78,3,1,269.2
30.0,89782.26,2,0,240.38
52.0,105428.99,7,0,308.94
33.0,51912.05,2,0,223.0
30.0,69828.59,4,0,255.79
45.0,71395.21,3,1,249.73
52.0,63909.63,2,1,256.42
47.0,58023.1,0,1,248.35
50.0,68719.51,7,0,244.85
32.0,9355.08,5,1,194.21
26.0,73641.39,5,1,271.33
55.0,62523.56,1,1,247.73
37.0,55550.5,4,0,132.65
37.0,100937.24,4,1,287.41
53.0,46501.32,2,1,207.57
46.0,51938.48,1,1,257.65
45.0,99831.07,4,1,330.74
62.0,43358.77,5,0,229.76
34.0,48997.69,5,0,217.78
49.0,57059.49,2,1,262.59
41.0,76814.69,6,1,287.13
43.0,64156.05,3,0,240.56
55.0,34147.49,4,0,203.65
45.0,49356.63,4,1,280.25
45.0,47852.91,2,1,258.07
51.0,58455.58,10,0,294.5
36.0,68516.87,4,0,232.95
32.0,68364.12,3,0,218.94
30.0,24479.76,0,0,138.0
20.0,81278.82,2,0,221.11
61.0,65051.38,2,1,269.46
29.0,87690.64,1,0,202.43
38.0,68883.97,4,0,239.97
37.0,82026.46,4,0,246.25
43.0,69330.91,2,0,235.06
48.0,86924.52,3,1,254.79
49.0,70445.01,6,0,255.47
34.0,58041.7,2,0,180.63
38.0,105448.69,2,0,234.26
43.0,77780.74,4,0,250.39
38.0,71474.89,5,0,211.51
56.0,34473.91,2,0,185.17
45.0,34233.85,2,0,177.3
47.0,65854.31,4,0,208.53
47.0,62910.42,3,0,219.39
52.0,47717.55,4,0,198.35
42.0,62819.65,3,0,257.67
27.0,91772.54,2,1,299.33
44.0,73908.05,5,0,247.25
33.0,37179.83,0,0,145.29
35.0,57769.82,4,1,275.21
46.0,43900.67,3,0,212.18
52.0,52246.0,1,0,193.53
40.0,51727.69,4,0,191.53
43.0,50447.09,4,0,207.8
57.0,34897.29,3,1,244.97
42.0,57446.91,0,0,184.46
66.0,48787.85,3,1,268.06
46.0,1411.03,5,0,188.86
22.0,101059.44,1,1,299.09
48.0,81775.39,5,0,275.79
44.0,52473.99,2,0,206.19
53.0,60376.38,2,0,181.67
47.0,36566.91,2,0,203.66
39.0,93914.46,3,1,309.6
28.0,97945.77,5,1,306.71
38.0,63133.87,5,0,232.68
31.0,80470.61,2,0,217.53
34.0,63505.74,3,0,201.85
46.0,33265.49,0,1,171.25
57.0,51763.53,4,1,247.78
44.0,62638.56,2,0,186.48
28.0,50909.05,8,1,255.57
44.0,55626.93,5,1,255.58
52.0,58172.01,4,0,246.98
34.0,58382.43,3,0,215.05
39.0,61045.17,3,0,190.96
40.0,38787.9,1,0,155.1
32.0,45659.68,1,0,196.32
46.0,34308.31,3,0,211.64
39.0,79556.31,4,0,240.35
44.0,17887.06,2,0,183.48
31.0,83071.81,2,1,253.32
36.0,87726.99,4,0,250.09
47.0,53956.39,2,0,168.08
36.0,7937.26,3,1,198.79
57.0,52773.79,2,0,201.97
36.0,58716.32,1,0,153.02
42.0,39788.04,4,1,262.77
49.0,49695.63,3,1,269.56
26.0,90603.9,2,0,243.73
22.0,73298.54,4,0,271.18
25.0,41508.72,2,1,232.21
53.0,28048.02,3,0,183.08
34.0,53459.65,0,0,138.66
66.0,55730.86,4,0,236.36
34.0,69923.98,4,0,238.29
42.0,49293.67,3,0,173.1
55.0,70229.99,0,1,243.14
60.0,98703.08,0,1,278.96
61.0,76310.02,3,1,297.21
52.0,59038.23,2,0,222.2
50.0,56336.99,3,0,200.73
46.0,52866.54,2,1,249.86
48.0,83612.82,6,0,278.98
34.0,47453.73,4,0,201.06
32.0,60904.45,3,1,248.38
40.0,61023.96,4,0,235.26
38.0,49964.32,6,0,225.56
35.0,32550.69,3,1,206.34
47.0,66459.49,0,1,267.4
50.0,58779.92,0,0,161.83
41.0,70004.81,7,1,308.56
55.0,49327.99,5,0,233.15
29.0,84416.43,2,0,227.81
38.0,42464.52,6,1,274.89
33.0,94240.81,6,1,261.81
21.0,25047.27,2,0,141.66
39.0,68695.4,4,0,234.21
39.0,69508.61,2,0,206.72
55.0,44088.86,1,0,191.89
46.0,68487.88,5,0,262.07
30.0,85590.37,7,0,280.6
59.0,15663.62,0,0,130.35
52.0,70054.9,2,0,205.39
46.0,10134.58,0,0,165.67
38.0,40686.7,4,1,245.97
30.0,92583.33,5,0,255.88
36.0,48364.36,2,0,196.7
51.0,36522.4,1,1,246.71
59.0,56041.25,3,1,247.44
55.0,101358.13,2,0,239.15
35.0,23366.36,3,0,138.84
29.0,38973.8,3,0,177.45
41.0,89948.63,5,0,272.0
22.0,97154.05,4,1,291.03
43.0,57931.38,2,0,234.74
39.0,35218.95,7,0,226.8
35.0,101916.87,3,0,247.54
24.0,91888.85,3,1,276.87
45.0,73578.94,0,1,218.95
35.0,43751.95,6,0,219.28
28.0,59019.41,3,0,210.34
11.0,56792.8,0,0,160.07
40.0,66617.03,6,0,251.1
58.0,89020.03,3,1,284.47
57.0,77588.34,6,1,291.0
35.0,38452.48,1,1,214.04
34.0,87529.93,5,1,308.93
45.0,66262.64,4,1,275.23
30.0,73741.32,4,1,282.82
43.0,89330.82,4,0,266.37
48.0,37768.4,1,0,187.06
52.0,59283.49,1,0,212.57
39.0,49370.91,9,1,328.98
38.0,28642.81,6,0,217.57
31.0,66934.2,4,0,229.67
32.0,110231.13,2,1,334.96
38.0,23198.45,3,0,187.74
44.0,59354.39,4,1,254.29
49.0,72810.86,4,1,250.12
32.0,62461.56,2,1,243.62
55.0,57737.44,1,0,207.7
37.0,34015.67,4,0,211.84
40.0,64655.73,1,0,169.54
33.0,44864.72,4,0,215.72
16.0,16201.57,5,0,196.77
49.0,83891.84,2,1,290.49
47.0,79167.72,4,0,251.17
37.0,61033.22,2,0,196.97
41.0,64581.49,3,1,255.72
45.0,81486.36,4,0,259.78
24.0,64486.79,4,0,228.34
35.0,78080.35,3,1,268.89
48.0,54050.36,5,0,278.86
27.0,86239.67,3,0,199.77
43.0,66415.71,2,0,203.24
26.0,63881.04,1,1,221.67
45.0,34598.78,4,0,204.61
40.0,65739.12,2,0,166.58
24.0,43360.9,4,0,220.67
52.0,47234.35,5,0,243.17
33.0,43692.49,0,0,165.37
32.0,38675.3,2,0,168.42
42.0,102495.43,2,0,257.82
51.0,86626.78,2,0,238.94
30.0,98407.35,1,0,242.37
41.0,35542.1,2,0,173.4
44.0,61425.07,2,0,199.94
47.0,34129.85,7,0,249.15
42.0,46086.1,2,0,199.64
36.0,41637.46,3,0,186.32
32.0,84791.68,1,1,268.01
41.0,52075.41,4,0,216.2
29.0,81367.59,2,0,225.35
11.0,72082.42,3,0,232.86
44.0,106072.78,5,1,321.26
49.0,30411.12,3,0,172.04
16.0,85184.66,3,0,228.85
30.0,82928.82,3,0,217.15
46.0,40532.42,4,0,185.41
61.0,80142.67,6,1,340.3
40.0,66722.9,5,1,281.08
33.0,55450.47,1,0,144.45
38.0,43521.29,4,0,219.56
54.0,45617.81,1,1,223.73
34.0,100996.24,3,1,309.32
32.0,60013.66,4,1,287.69
35.0,75642.6,4,0,237.02
30.0,44182.01,5,0,168.71
41.0,44402.94,3,1,205.74
56.0,81639.7,1,0,206.31
43.0,33008.48,1,1,213.49
37.0,51695.72,4,0,234.44
37.0,60680.55,5,0,235.05
24.0,62227.45,2,1,296.76
49.0,56418.13,4,0,191.01
39.0,67916.4,6,0,249.95
38.0,73857.12,3,0,214.05
72.0,74692.75,3,0,245.35
43.0,40283.92,3,0,226.81
32.0,54316.9,2,0,226.86
36.0,83895.26,4,0,242.85
51.0,77892.94,2,1,290.87
41.0,32542.81,1,0,167.42
26.0,67029.6,2,1,228.33
49.0,20435.5,2,0,165.32
33.0,60938.7,4,0,207.5
59.0,97955.34,4,0,266.07
51.0,41042.15,3,1,229.4
36.0,43313.54,4,1,254.18
53.0,75280.6,4,1,297.8
41.0,29143.97,1,0,173.57
49.0,47344.9,5,0,227.81
45.0,71928.82,4,1,317.04
32.0,47314.28,1,1,266.93
34.0,55280.6,5,1,263.97
50.0,74883.71,4,0,259.43
37.0,68430.92,1,1,289.05
36.0,65336.37,2,0,223.24
30.0,53217.55,4,0,222.79
44.0,67401.22,2,0,173.08
61.0,57525.35,6,0,236.68
29.0,69156.11,4,1,265.58
40.0,50061.36,6,1,307.93
54.0,56348.62,4,1,258.8
39.0,40200.84,4,0,198.1
45.0,59299.85,2,0,218.37
29.0,43779.98,1,0,152.95
44.0,37719.07,3,0,195.44
38.0,65173.22,2,1,257.21
50.0,64254.8,4,1,296.73
52.0,75657.47,5,1,314.77
66.0,51377.49,0,0,196.87
46.0,68161.06,5,1,295.07
43.0,71015.95,3,0,189.13
42.0,68895.48,3,0,222.66
36.0,43486.93,5,1,262.83
43.0,62987.27,0,0,200.01
37.0,67282.81,3,1,257.35
42.0,60143.57,1,0,191.82
53.0,18270.45,2,0,166.33
30.0,63209.79,3,1,243.93
51.0,104250.62,1,0,216.88
53.0,52799.21,1,0,197.04
39.0,45438.46,4,0,225.0
19.0,67466.97,5,0,214.36
34.0,66247.56,5,0,228.85
53.0,83854.7,2,0,246.93
40.0,34842.64,2,1,243.26
30.0,74627.61,3,1,274.26
35.0,71808.44,5,0,247.57
48.0,57157.07,6,1,302.0
45.0,66773.75,3,0,233.73
38.0,80589.15,1,0,187.97
36.0,77446.31,2,0,253.96
36.0,37139.61,2,0,180.66
31.0,76403.16,2,0,226.39
56.0,58706.23,2,0,191.55
37.0,61457.48,2,0,196.13
52.0,61463.94,3,1,275.09
55.0,56995.14,4,1,238.51
50.0,83834.15,3,0,220.8
36.0,58325.64,2,1,231.66
44.0,37609.08,2,0,154.05
40.0,52129.4,5,1,274.13
31.0,63573.89,3,0,207.57
43.0,84584.3,2,1,304.68
28.0,72061.89,1,0,173.75
52.0,42989.29,5,0,223.62
35.0,109703.8,2,0,229.78
42.0,65295.51,2,0,171.96
43.0,85507.81,5,1,318.68
37.0,56965.71,2,0,209.08
46.0,70667.18,3,1,284.64
35.0,76789.37,0,0,168.08
49.0,84363.89,0,0,210.39
27.0,81147.37,1,0,216.36
41.0,77443.94,4,1,307.12
59.0,53698.27,6,1,305.96
30.0,48565.08,3,1,262.87
33.0,66652.15,1,0,214.61
45.0,78662.56,0,0,203.33
42.0,55545.59,0,0,186.41
44.0,81303.44,0,0,223.05
45.0,89052.33,1,0,229.3
46.0,41673.58,3,0,218.83
51.0,43261.59,5,1,286.3
44.0,57192.5,7,0,236.59
38.0,66152.25,0,0,158.83
47.0,49508.66,4,1,263.26
59.0,87044.05,2,0,212.92
39.0,68481.34,2,1,259.48
30.0,60788.94,4,0,215.77
51.0,31281.81,0,0,182.84
39.0,33683.68,3,0,193.18
18.0,65620.19,1,0,204.32
48.0,17348.09,3,0,161.79
35.0,80252.75,6,1,338.17
39.0,56836.92,3,0,224.26
43.0,124861.86,5,1,355.07
42.0,106158.33,2,1,260.98
47.0,56371.02,1,0,213.49
36.0,57873.26,4,1,301.16
45.0,79911.63,7,1,322.7
37.0,94063.45,2,0,233.4
47.0,27239.42,4,1,230.6
46.0,24272.49,4,1,204.71
31.0,47559.3,0,0,151.64
51.0,71654.75,5,1,330.27
35.0,69937.47,7,0,278.84
48.0,81395.43,1,1,249.98
44.0,36006.05,2,0,166.27
58.0,13677.12,3,0,215.57
38.0,77160.28,1,0,185.64
37.0,43436.07,2,0,167.38
40.0,19630.24,2,0,150.94
37.0,62901.27,1,0,164.23
48.0,75863.51,7,0,259.11
24.0,57558.86,0,1,209.03
29.0,50843.03,8,0,227.53
29.0,56812.76,3,0,228.03
50.0,52588.34,3,0,184.0
57.0,33039.06,0,1,208.75
39.0,45706.39,3,0,177.64
38.0,70425.6,1,0,195.38
41.0,66433.57,3,0,198.31
52.0,63361.2,1,0,200.69
31.0,40097.03,1,0,171.89
42.0,56369.94,5,0,255.61
50.0,16458.7,4,0,169.56
45.0,63569.53,9,1,358.43
42.0,88577.15,2,0,213.39
50.0,30517.36,2,0,170.76
13.0,48281.45,2,0,210.06
47.0,66582.14,2,1,318.03
33.0,85056.85,4,1,325.51
22.0,51035.51,1,0,167.41
45.0,46154.99,2,0,199.01
54.0,20621.54,2,0,181.14
39.0,62068.76,3,0,218.29
50.0,100841.52,1,0,215.45
56.0,65547.17,1,0,208.3
53.0,59554.42,5,1,276.01
56.0,66441.65,4,1,265.27
47.0,59778.16,7,1,297.26
41.0,43739.71,1,0,180.42
24.0,76465.6,2,1,278.48
38.0,64515.23,5,1,278.21
32.0,60352.27,4,1,264.56
62.0,40492.68,5,0,237.43
38.0,86070.16,4,0,246.61
41.0,73294.05,3,0,231.54
46.0,48941.58,4,0,213.26
40.0,80036.5,6,0,264.31
57.0,50048.58,4,0,196.94
34.0,44359.93,6,1,273.69
42.0,44805.94,2,1,264.34
33.0,24578.63,4,0,184.25
27.0,69430.85,0,1,216.16
34.0,23377.1,3,0,199.85
40.0,35431.12,1,0,179.67
36.0,18488.24,4,0,191.69
33.0,58278.61,2,0,209.63
26.0,56993.59,3,0,177.43
39.0,53466.08,4,0,226.01
25.0,39148.45,5,0,229.32
48.0,36555.32,2,0,170.75
41.0,69287.4,4,1,241.13
25.0,48988.96,5,0,219.01
37.0,66327.17,4,0,225.44
32.0,42295.03,5,0,177.58
43.0,63621.25,1,0,207.32
53.0,86065.56,3,0,253.37
21.0,71723.32,5,1,253.02
41.0,51751.72,1,0,220.11
38.0,65143.98,0,0,199.37
47.0,55186.7,1,0,150.74
42.0,60157.6,2,0,217.6
32.0,53487.78,3,0,215.52
37.0,56713.3,1,1,263.42
32.0,64241.87,2,0,187.78
51.0,40132.83,2,0,202.18
40.0,39682.42,5,1,255.06
59.0,32229.15,1,0,160.61
39.0,27994.58,3,0,160.39
33.0,35654.35,2,1,184.05
25.0,63189.25,4,0,226.43
22.0,42144.25,5,0,197.67
24.0,70272.29,3,1,207.75
43.0,60694.27,3,1,263.54
45.0,20629.92,3,0,196.33
24.0,73099.51,2,0,179.05
49.0,76215.97,3,1,266.44
35.0,40122.75,6,1,276.53
41.0,68403.83,2,0,157.96
56.0,42870.04,1,0,170.26
49.0,61953.41,3,0,223.37
37.0,34710.03,1,1,202.15
31.0,24137.87,4,1,203.72
18.0,52343.66,5,1,236.58
33.0,57525.42,2,1,211.69
38.0,52046.41,3,0,188.33
30.0,36319.39,0,0,172.52
39.0,52002.02,1,0,228.58
41.0,65385.9,7,1,306.49
38.0,59102.14,6,0,253.34
33.0,63650.02,2,0,181.58
42.0,46597.7,2,1,195.61
44.0,83434.36,3,0,272.68
29.0,36476.53,4,0,179.12
54.0,69751.21,3,0,241.18
39.0,83637.82,4,1,296.31
40.0,69618.16,1,0,219.6
47.0,55949.52,4,1,288.57
42.0,49434.06,3,0,206.15
50.0,80721.75,4,0,253.24
43.0,31540.5,4,0,217.23
34.0,40597.51,4,0,189.34
44.0,52048.84,3,1,284.97
29.0,84753.08,0,0,184.88
41.0,67595.35,4,1,279.67
40.0,40639.08,3,0,203.06
38.0,53793.85,6,0,200.17
39.0,47713.54,1,0,204.71
21.0,45804.22,3,0,195.91
35.0,79577.79,3,1,342.85
41.0,32565.14,3,0,224.64
42.0,92175.62,3,1,292.76
30.0,76564.59,2,0,247.14
53.0,81817.23,3,0,255.09
31.0,50741.21,3,0,201.03
50.0,57001.19,3,0,178.66
44.0,31336.96,2,0,145.0
34.0,49506.75,2,0,186.36
58.0,69873.1,2,0,208.84
28.0,85921.26,5,0,254.46
49.0,37856.86,2,0,209.9
50.0,52689.88,6,0,254.99
33.0,56974.02,4,0,199.7
54.0,32084.22,3,0,207.55
37.0,71826.98,3,0,202.3
43.0,45520.19,0,0,144.12
43.0,56092.19,5,0,235.03
39.0,50961.01,2,0,174.0
48.0,44213.23,3,0,185.43
48.0,59859.1,3,0,233.71
23.0,55687.81,4,0,220.1
53.0,52562.84,2,1,241.65
23.0,45430.77,5,0,174.62
50.0,66390.49,1,0,186.85
51.0,93072.35,4,1,347.55
29.0,62797.74,0,0,196.67
36.0,79922.36,6,1,336.34
29.0,32195.56,2,0,171.79
38.0,63155.23,2,0,195.06
37.0,38052.63,1,0,184.62
48.0,30461.5,4,0,220.0
53.0,45212.57,1,0,172.17
54.0,83837.99,4,0,236.55
34.0,79000.32,3,0,195.76
38.0,64860.09,2,0,189.05
23.0,29345.99,3,0,184.31
32.0,56074.39,3,1,240.12
50.0,66034.0,3,1,289.49
56.0,63510.72,1,0,240.93
28.0,23124.13,2,1,207.45
34.0,42193.64,4,0,198.91
40.0,58718.44,2,0,209.56
43.0,70725.82,5,1,280.64
32.0,16077.44,4,0,159.08
44.0,56757.52,4,1,256.53
35.0,62860.98,3,0,187.58
40.0,76992.24,1,0,224.92
45.0,73857.15,0,1,236.66
40.0,71651.43,2,0,233.91
36.0,44001.19,1,0,182.4
39.0,21839.96,1,0,150.84
39.0,52138.94,4,1,277.89
36.0,80032.64,1,0,189.31
37.0,87869.09,3,0,220.97
56.0,74210.98,5,0,266.48
46.0,68586.82,4,1,237.48
37.0,67592.79,5,1,286.41
47.0,48877.63,4,0,224.17
37.0,57398.79,4,0,241.95
52.0,93381.39,2,0,269.56
44.0,41148.84,0,0,160.39
39.0,92295.58,2,0,247.16
44.0,53559.44,5,0,209.71
24.0,86508.64,6,0,249.78
29.0,31863.7,1,0,183.58
28.0,71718.08,0,0,184.95
41.0,45264.6,4,1,259.17
57.0,31694.66,4,0,179.69
62.0,64370.68,5,0,253.98
46.0,80189.44,3,1,298.46
45.0,43101.17,1,0,190.07
22.0,30019.68,5,0,166.79
35.0,58163.1,2,1,265.45
32.0,58251.29,4,0,194.35
34.0,70966.39,1,0,197.33
38.0,78991.89,4,0,205.79
35.0,58811.7,6,0,232.86
20.0,97110.07,1,1,247.14
47.0,64484.69,3,0,209.25
29.0,53071.47,2,0,188.91
42.0,27768.65,2,1,235.51
61.0,54746.81,4,1,290.98
31.0,53272.26,5,0,171.93
15.0,79206.1,1,0,210.12
37.0,69249.67,2,0,211.95
51.0,36412.62,4,1,240.71
60.0,63445.09,4,0,215.63
28.0,73430.62,4,0,226.03
45.0,90560.63,6,0,277.66
35.0,77750.08,3,0,232.98
39.0,75216.93,4,0,230.74
66.0,61201.72,4,0,183.94
25.0,67766.24,1,0,180.35
43.0,84990.1,2,0,202.58
45.0,33344.45,1,0,206.79
51.0,53011.21,2,0,199.63
41.0,44548.63,1,0,189.86
43.0,67583.06,8,0,281.83
36.0,84604.44,2,0,228.85
43.0,48060.51,2,0,181.08
37.0,12193.91,6,0,179.6
46.0,51755.59,2,0,154.45
36.0,78269.47,2,0,219.27
44.0,70752.6,0,0,198.65
40.0,68563.72,1,0,197.46
51.0,54400.13,1,0,192.9
39.0,34419.39,4,0,170.03
22.0,70305.89,2,0,195.56
53.0,43314.36,5,1,256.63
31.0,103681.93,3,0,262.45
33.0,71410.14,3,1,268.96
34.0,48387.03,5,0,202.61
54.0,47772.3,3,1,251.45
19.0,58141.12,3,1,226.67
71.0,55209.96,5,1,284.34
51.0,82336.68,4,0,259.27
42.0,63728.32,1,0,168.2
39.0,45367.37,4,0,203.87
43.0,97808.81,3,1,284.24
45.0,60986.17,1,0,166.96
46.0,75376.79,3,0,265.91
46.0,47835.47,2,0,215.69
41.0,67262.31,3,0,205.75
38.0,66222.2,1,0,189.44
38.0,22207.01,1,0,111.01
38.0,100305.5,2,0,207.48
51.0,85812.89,4,0,228.92
46.0,52056.09,2,1,244.35
11.0,37954.61,2,0,160.96
47.0,66951.23,4,1,286.87
42.0,61733.95,2,0,216.28
40.0,67113.38,3,1,272.58
36.0,63831.55,4,0,200.26
51.0,70124.82,5,0,252.23
49.0,88946.11,3,0,256.39
32.0,71362.06,2,0,198.95
44.0,39006.89,5,0,174.11
30.0,87251.26,4,1,316.07
26.0,92812.29,1,0,217.68
34.0,123041.13,5,0,234.45
49.0,37530.12,2,0,223.25
50.0,64857.64,3,0,210.05
45.0,18358.03,2,0,209.7
47.0,71062.98,10,1,352.24
45.0,49035.99,4,1,257.56
34.0,98468.92,3,0,248.93
44.0,44507.7,4,0,192.48
48.0,26216.34,5,1,251.44
48.0,50574.73,3,1,294.56
52.0,20490.24,1,1,188.46
47.0,75021.99,2,0,229.23
44.0,18698.34,3,0,156.06
51.0,60569.15,2,0,202.56
40.0,18443.76,4,0,217.84
31.0,53594.04,5,1,279.71
38.0,92867.56,0,0,226.97
33.0,67212.96,2,0,204.91
