prior_score,attendance_rate,parental_income,class_size,learning_disability,after_school_tutoring,final_score
70.8,67.7,37833.66,15,0,0,78.7
68.1,76.0,41838.6,15,0,1,100.0
73.1,87.5,23619.29,35,0,0,73.5
72.8,97.8,63838.89,16,0,0,92.4
61.5,66.2,67405.26,18,0,0,73.0
61.4,82.7,45607.94,31,0,0,78.1
50.4,75.7,30202.87,16,0,1,85.4
54.5,88.6,73386.35,21,0,0,74.9
64.1,65.5,78671.79,39,0,0,73.7
68.0,74.2,62899.35,36,1,0,67.0
75.7,70.0,61131.39,24,0,0,89.8
74.1,72.7,80577.26,24,0,0,80.1
88.4,85.1,57083.23,27,0,0,86.7
50.4,96.3,37839.96,19,0,1,85.9
61.5,90.4,57806.59,21,1,0,66.6
51.7,88.3,49216.0,39,0,0,69.7
84.2,79.7,57805.68,28,0,0,90.8
57.5,84.1,93165.54,32,0,0,77.4
82.3,82.0,32825.49,36,1,0,72.9
86.8,91.7,65430.07,33,0,0,100.0
71.2,72.7,32006.92,34,0,0,80.6
69.4,89.8,37831.97,35,0,1,92.7
65.6,85.2,131520.61,35,0,0,86.5
60.2,63.7,75256.17,24,0,0,79.9
58.4,96.5,64891.41,22,1,0,66.5
62.8,87.2,26128.03,35,0,0,73.7
92.4,89.9,53216.82,16,0,0,95.5
49.4,89.8,21239.22,28,0,0,73.2
68.1,84.9,60999.83,16,0,0,85.0
75.7,83.6,32097.01,26,1,0,70.0
60.7,71.1,79135.9,31,0,0,86.7
71.2,88.3,64903.18,32,0,0,79.3
42.4,87.2,32596.29,31,0,1,85.0
84.9,95.7,72460.48,29,0,0,100.0
82.0,66.1,170534.71,17,0,0,97.7
63.5,79.7,54102.59,35,0,0,74.9
51.8,80.1,92981.1,33,0,0,75.8
76.9,87.1,20920.96,37,0,0,83.3
47.8,81.2,75648.13,25,0,0,66.4
49.9,46.2,45042.58,32,1,1,79.6
64.2,73.0,52338.77,35,0,0,71.3
87.8,82.8,80624.45,17,0,0,89.2
74.6,95.0,53011.24,32,0,0,87.5
55.3,72.0,26669.64,18,0,0,64.7
39.8,85.0,128490.49,23,0,0,72.2
65.6,85.9,28995.61,39,0,0,78.2
68.8,84.5,39349.26,20,0,0,81.7
63.9,90.9,63835.15,21,1,1,100.0
92.1,80.8,64133.16,15,0,0,100.0
63.0,59.6,74160.45,17,0,0,79.0
30.8,76.4,63999.74,29,0,0,60.5
58.9,65.8,106320.13,16,0,0,82.4
71.8,86.1,76507.9,23,0,0,86.5
70.8,51.8,33095.41,22,0,1,90.2
62.3,81.4,16333.2,33,0,1,90.1
59.9,75.8,64572.5,28,0,0,73.2
35.0,64.8,124625.86,38,0,0,73.6
66.3,89.4,32010.32,24,0,0,74.3
59.9,70.2,35419.77,38,0,1,93.4
68.7,80.6,71498.22,25,0,0,86.9
72.4,76.0,76228.95,22,0,0,88.4
83.6,75.4,104939.82,18,0,0,95.1
50.7,54.4,136019.72,37,0,0,67.6
45.6,81.3,67375.88,22,0,0,71.3
56.4,88.7,37671.14,24,0,0,76.1
54.0,83.5,38251.64,29,0,1,100.0
52.6,75.4,45623.87,27,0,1,92.2
86.7,72.6,100268.24,19,0,0,97.1
67.2,93.2,46628.08,39,0,1,97.4
94.6,57.9,96837.41,29,0,0,94.1
65.0,84.1,27933.53,39,0,0,77.0
47.4,90.0,69118.68,17,0,1,96.3
52.9,98.1,41128.39,17,0,0,70.9
80.4,74.6,77734.51,38,0,0,85.7
48.0,87.9,52673.24,27,0,0,65.5
73.4,65.2,89211.51,37,0,0,85.7
59.6,83.2,48172.48,23,0,0,81.5
51.1,84.6,59101.61,16,0,0,59.3
85.8,82.7,89683.38,29,0,1,100.0
56.2,86.3,56900.2,32,0,0,83.4
52.6,77.6,61645.48,37,0,0,74.2
63.8,96.2,87573.84,22,0,0,87.0
57.4,81.1,57619.92,17,0,1,88.2
98.2,47.9,27108.27,15,1,1,100.0
80.9,67.1,45002.79,21,0,1,98.8
56.1,72.8,22885.87,20,0,0,73.3
57.9,63.7,52840.28,15,0,1,100.0
34.7,97.5,75785.05,23,0,1,83.0
67.1,66.7,63722.89,25,0,0,85.6
53.8,72.8,120250.04,36,0,0,74.7
66.3,75.7,113701.76,19,1,0,81.5
35.5,93.3,68075.17,17,0,0,63.0
64.6,98.8,18104.39,23,0,1,91.1
90.5,76.9,83756.79,21,0,0,100.0
65.8,85.0,40706.67,34,0,0,69.7
53.4,68.2,93024.13,27,0,0,69.3
64.7,77.0,70005.23,15,0,0,76.8
64.0,82.7,83120.1,34,0,0,77.4
97.9,80.6,76944.12,17,0,0,100.0
60.0,77.0,197815.58,20,0,0,92.7
47.0,96.1,77698.53,25,0,0,73.0
65.3,70.2,31568.97,31,0,1,87.2
67.9,86.8,102299.11,29,0,0,85.5
73.4,76.1,48280.28,18,0,0,76.7
76.3,75.9,117312.49,15,1,0,75.6
94.3,77.0,129500.82,15,0,0,100.0
56.1,72.7,81709.27,20,0,0,67.8
54.7,58.5,31608.56,36,0,1,84.5
37.2,82.4,47564.43,23,0,0,64.9
74.9,98.7,117052.26,28,0,0,94.3
51.7,84.3,162673.64,28,0,0,76.4
78.4,89.9,61757.03,21,0,0,87.4
57.6,81.4,52187.6,20,0,0,79.3
90.9,83.8,33187.76,33,0,0,97.8
43.5,89.4,33405.48,17,1,0,50.2
80.3,90.4,67264.71,19,0,0,94.0
78.6,86.6,84997.24,36,0,0,85.9
72.9,55.3,28461.92,20,0,1,97.6
48.2,77.2,90641.59,22,0,0,78.1
73.0,47.4,118911.96,38,0,0,69.5
66.9,94.4,82067.31,27,0,0,80.5
37.5,79.9,136821.29,27,1,0,62.2
88.4,73.1,71520.18,15,0,0,82.8
59.8,90.7,71874.97,33,0,0,85.9
87.2,77.3,71191.69,35,0,0,94.0
64.0,61.8,118150.15,23,0,0,73.1
79.7,90.0,78340.48,18,0,0,97.4
52.1,81.1,45941.45,19,0,1,95.3
68.2,84.8,73992.27,31,0,0,85.6
67.2,60.4,74363.74,21,1,0,70.4
60.1,85.9,53843.29,32,0,1,98.2
52.0,85.5,99836.75,27,0,0,70.5
19.0,77.9,62676.57,15,0,0,53.1
52.3,81.2,85190.36,28,0,0,69.7
75.5,38.9,77256.02,28,0,0,84.0
44.1,98.5,41652.35,27,0,0,67.8
47.2,87.4,36688.73,32,0,0,55.2
43.5,86.0,41871.82,22,0,1,79.2
68.1,80.2,57493.14,15,0,0,81.1
51.6,79.9,132689.03,29,0,0,74.6
83.3,54.2,58471.46,31,0,0,81.1
76.0,49.1,72177.04,31,0,0,75.8
68.0,81.7,92642.93,16,0,0,80.6
69.6,84.6,50039.77,28,0,0,82.7
53.6,68.7,48662.49,15,0,1,92.3
53.6,70.7,101294.72,16,0,0,76.1
75.7,87.1,79545.55,21,0,0,92.0
78.7,72.3,45161.74,15,0,0,85.0
75.5,95.6,48719.14,24,0,0,79.2
57.9,70.8,62483.53,32,0,1,97.9
59.1,67.6,70601.77,17,0,1,99.7
51.0,76.7,111523.3,32,0,0,77.0
76.5,87.6,78119.7,33,0,0,81.8
35.6,88.0,36616.23,27,0,0,52.5
31.9,76.9,40411.14,37,1,1,69.8
34.9,85.0,69902.82,16,0,1,97.1
32.9,80.5,64304.86,17,0,0,62.4
85.4,64.3,39262.06,36,1,1,92.4
76.8,93.0,101361.49,18,0,0,93.6
47.0,94.8,19458.4,31,0,1,84.7
63.4,66.4,70814.0,22,0,0,75.9
87.0,78.4,27626.2,37,0,1,100.0
72.5,82.5,92999.48,22,0,0,84.2
96.7,89.1,52444.2,39,0,0,91.1
63.3,79.8,87017.39,39,0,0,79.3
55.2,63.8,49242.03,17,0,0,65.3
48.8,71.9,116177.19,29,0,0,77.8
65.4,83.2,23555.16,25,0,0,78.2
79.0,84.6,92943.29,23,0,0,90.8
66.5,97.1,44182.14,25,0,0,77.6
59.6,71.0,72225.61,20,0,0,78.6
83.8,86.5,73758.02,24,0,0,96.2
72.9,92.4,29845.5,24,0,0,80.5
63.3,82.1,98588.26,32,0,0,82.8
53.5,88.0,72900.53,27,0,0,70.0
61.2,82.7,63479.39,31,0,0,77.3
72.1,63.3,72590.48,18,0,0,77.3
53.3,49.6,63743.07,39,0,0,61.9
46.5,75.6,90884.02,32,0,0,73.2
57.8,71.1,47301.1,15,0,0,78.0
64.3,70.3,90952.43,32,0,0,71.5
85.4,93.0,79709.89,21,0,0,95.0
47.6,85.0,54939.68,19,0,0,72.5
68.4,86.8,150711.44,30,0,0,85.3
60.8,83.9,75041.82,19,0,0,76.9
61.6,79.6,66005.94,24,0,0,79.8
88.1,88.7,79776.19,30,0,0,92.9
66.2,83.9,56818.45,18,0,0,73.7
51.3,96.9,109157.85,15,0,0,77.9
78.3,96.3,59238.16,22,0,0,88.9
77.2,78.9,90193.64,15,0,0,97.4
50.0,75.3,35096.62,17,1,1,93.6
47.1,84.5,24393.93,32,0,0,66.1
71.2,90.4,73226.8,16,0,0,87.0
64.5,57.8,49419.32,39,0,0,65.8
57.9,76.5,54375.47,39,0,0,64.6
80.8,76.6,18569.92,19,0,1,100.0
56.1,67.4,140128.17,25,0,0,71.3
71.3,87.3,63087.54,28,0,0,87.1
82.6,96.3,116691.3,32,0,0,100.0
59.9,89.0,29843.15,24,0,0,69.2
37.6,82.3,62901.45,21,0,0,53.6
59.0,81.0,73405.91,22,0,0,79.1
67.8,95.7,64022.1,39,0,0,88.8
80.0,85.0,67288.78,34,0,0,83.4
57.2,78.5,29882.92,31,0,0,74.7
90.8,94.1,70158.04,21,0,0,100.0
45.5,91.4,39287.43,37,0,0,67.7
67.5,63.7,43964.72,30,0,0,72.6
61.4,84.0,60370.38,31,0,1,98.3
85.2,77.7,50213.75,18,0,0,87.3
42.9,69.1,51678.18,18,0,1,84.1
71.4,85.9,105028.59,15,0,0,87.2
61.3,84.9,55380.07,37,0,1,94.8
87.9,80.2,49096.96,17,0,1,100.0
52.6,46.7,56302.24,26,0,0,63.8
71.2,89.7,34346.53,31,0,0,79.8
52.4,78.4,64944.03,30,0,0,73.6
67.8,84.5,85898.38,28,0,0,79.7
59.5,73.9,70051.91,37,0,0,69.7
59.2,81.5,60981.66,17,0,0,81.9
35.2,84.8,80881.36,33,0,0,67.5
71.2,82.8,45385.31,33,0,0,77.1
48.8,60.3,61060.71,30,0,0,60.6
48.2,82.7,120469.76,18,0,0,72.3
41.7,92.9,51687.03,35,1,1,72.7
49.2,83.9,81140.95,31,0,0,76.0
72.5,88.1,82162.09,33,0,0,87.9
71.8,50.0,40993.18,26,0,0,70.1
75.0,33.7,84454.72,15,0,0,82.2
49.6,91.6,44204.23,33,0,1,93.7
68.2,95.8,74200.89,33,0,0,84.0
55.8,86.3,43849.55,34,0,0,74.0
79.3,83.3,68908.18,26,0,0,90.7
71.4,93.2,63870.44,26,0,0,85.2
55.2,87.8,63320.8,31,0,0,74.0
80.6,93.9,68595.39,19,0,0,93.9
72.6,85.8,45920.75,18,0,1,100.0
44.2,85.6,33417.18,19,0,0,62.9
39.9,84.4,62367.73,20,0,0,62.3
44.8,83.5,103922.08,17,0,0,80.3
89.7,73.0,80147.34,29,0,0,91.7
49.8,93.3,74878.63,17,0,0,67.9
93.1,75.8,46376.89,27,0,0,98.9
49.0,82.3,65725.72,19,0,0,70.3
47.4,72.6,39527.51,35,0,0,63.0
78.2,82.9,48446.05,23,0,0,85.8
78.9,72.5,71578.45,37,0,0,91.6
73.3,92.0,24141.03,29,0,0,77.0
75.1,65.8,142168.73,36,0,0,94.3
53.0,88.5,30727.55,16,0,1,92.0
77.5,83.1,153946.07,23,0,0,100.0
68.6,96.1,39361.7,29,0,0,79.2
59.5,75.2,39167.76,17,0,0,86.4
66.4,71.2,49079.66,21,1,1,88.1
80.9,92.6,48063.99,22,0,0,89.4
70.9,91.1,44244.85,27,0,0,77.9
32.6,89.0,49747.48,39,0,0,57.8
78.4,89.5,62683.75,35,0,0,83.4
77.2,79.4,38226.71,36,1,0,83.3
59.3,98.3,91158.68,29,0,0,72.5
66.8,83.0,121310.57,20,0,0,75.2
66.7,91.4,22643.92,35,1,0,64.3
35.3,82.5,151402.01,27,0,0,72.0
59.0,76.9,88103.71,21,0,0,84.3
59.6,51.5,68103.26,31,0,0,70.4
62.6,97.6,44931.04,29,0,0,77.0
57.1,79.2,65075.81,19,0,0,74.7
74.9,90.1,93781.84,24,0,0,93.8
52.9,71.2,220787.68,36,0,0,78.6
78.7,85.1,179147.86,26,0,0,100.0
74.2,81.1,27880.71,33,0,0,70.9
85.4,82.9,53964.92,32,1,0,78.8
91.0,90.3,62240.56,18,0,0,96.6
91.1,94.1,117216.48,27,0,0,95.4
47.2,75.8,57415.66,17,1,0,57.7
70.2,86.7,41042.99,20,0,0,79.3
54.2,82.7,61506.27,20,0,0,74.4
100.0,63.4,49381.57,18,0,0,97.3
74.2,56.3,98052.35,18,0,0,85.6
86.2,71.6,197559.65,27,0,0,100.0
71.5,91.7,94398.41,24,0,0,89.1
25.5,73.4,96319.52,24,0,0,63.2
53.2,91.3,111056.47,25,0,0,82.8
54.7,61.1,75152.18,27,0,0,71.4
59.1,69.2,49051.61,24,0,0,67.0
70.4,69.4,51528.53,25,0,1,81.7
72.5,83.1,103569.82,32,0,0,77.3
25.6,64.5,69180.12,21,0,1,81.2
61.4,92.9,36638.75,23,0,0,72.8
57.7,87.9,115215.67,27,0,0,74.6
85.7,86.6,40657.65,39,0,0,85.6
73.9,55.9,34074.65,24,0,0,75.8
62.3,41.7,38621.03,32,0,0,66.8
68.4,86.4,69786.31,29,1,0,68.7
39.7,85.9,97378.63,39,0,0,71.4
74.9,89.5,68005.93,19,0,0,86.7
59.1,87.9,45323.07,29,0,0,73.4
52.9,78.2,39976.1,25,0,0,64.3
84.7,97.4,88041.21,20,0,0,100.0
69.1,94.9,57162.05,15,0,0,83.8
55.0,68.6,71004.76,28,0,0,73.7
55.9,80.7,55818.73,29,0,0,73.3
70.5,91.7,69544.39,21,0,1,100.0
69.3,83.2,72774.72,29,0,0,78.4
65.4,61.2,201327.31,30,0,0,91.3
46.9,74.6,73221.47,38,0,0,65.0
49.2,95.7,49330.87,19,0,1,92.8
53.8,91.9,65369.19,36,0,0,71.9
62.1,74.2,37241.66,34,0,1,99.6
64.4,89.5,37078.28,33,0,0,76.4
62.6,89.8,111841.55,33,1,0,65.6
63.3,88.6,69708.68,32,1,0,68.8
93.2,87.2,104768.06,20,0,0,100.0
77.7,73.9,26570.11,23,0,1,96.9
82.8,56.4,36762.58,17,0,1,90.0
72.0,72.0,69502.23,31,0,0,75.5
66.1,71.7,39648.97,24,0,0,84.9
71.1,92.2,29378.36,30,0,1,95.7
68.4,71.7,34910.56,15,0,0,76.8
77.1,91.0,50991.7,18,0,1,100.0
50.4,72.7,73611.09,15,0,0,74.6
75.9,70.7,141150.15,32,0,0,90.4
67.5,88.9,35372.98,34,0,1,96.1
37.9,65.6,36299.19,18,0,1,90.1
66.3,74.1,28984.92,25,0,1,88.6
45.4,81.3,79742.44,38,0,0,71.8
57.0,72.2,63729.63,18,0,0,76.6
62.6,80.5,36959.7,33,1,1,86.8
42.4,77.3,39521.05,18,0,1,81.8
64.2,64.0,56276.69,19,0,0,77.1
66.0,89.6,57891.21,35,0,0,79.8
76.3,62.3,35602.1,27,0,0,82.7
58.2,84.8,65420.69,18,0,0,68.4
69.1,92.6,30087.69,24,0,0,96.5
63.6,84.0,61359.58,32,0,1,98.1
58.7,90.3,54787.17,17,0,0,79.5
39.9,61.6,73171.01,33,1,1,87.6
63.3,59.7,109714.8,19,0,0,75.9
76.2,53.8,49744.83,25,0,1,90.2
51.0,90.3,59886.09,16,0,1,91.2
61.7,97.7,22240.27,32,0,0,86.5
63.9,63.2,160469.7,25,0,0,84.1
81.5,79.1,23616.56,26,0,0,98.3
65.5,78.9,57443.99,30,0,0,75.1
69.3,92.9,16742.39,16,0,0,67.1
64.9,90.0,39623.19,36,0,0,68.9
57.6,69.1,142589.31,38,0,0,81.8
48.0,95.2,106123.09,30,0,0,78.7
60.7,80.1,97978.75,30,0,0,81.1
70.9,98.3,54373.05,36,1,0,68.9
66.8,87.2,136689.1,18,0,0,83.5
87.2,83.4,68096.45,22,0,0,86.4
79.2,76.3,84535.06,18,0,0,87.9
83.6,51.7,224909.78,25,0,0,100.0
34.5,87.0,103276.08,39,0,0,71.0
88.7,77.9,57946.24,22,0,0,97.1
69.0,78.3,77281.85,26,1,0,73.1
71.1,90.9,120821.21,18,0,0,100.0
78.4,61.4,81734.84,21,0,0,85.7
65.3,78.2,88568.48,27,0,0,69.7
48.9,91.6,114001.55,25,0,0,69.9
86.7,88.2,212154.4,24,0,0,100.0
53.5,64.7,37518.8,23,0,0,59.8
50.2,80.3,85053.84,20,0,0,79.3
61.5,66.5,75342.03,31,1,0,65.8
59.2,66.9,49372.76,27,0,0,77.9
65.1,90.7,43317.36,20,1,1,92.9
63.5,68.3,136766.07,38,0,0,69.5
85.2,86.0,35913.9,39,0,1,100.0
71.9,75.8,29598.41,31,0,0,77.9
52.1,89.4,45184.4,27,1,1,85.5
54.2,63.0,24564.29,35,0,1,85.6
59.2,87.4,39224.59,29,0,1,91.5
59.2,82.1,35373.63,30,0,0,75.3
57.3,71.2,62506.33,35,0,0,72.5
48.5,96.9,123345.14,38,0,0,76.8
69.4,81.5,44594.73,21,0,1,89.3
58.2,92.6,92277.05,35,0,0,79.4
50.7,80.5,87171.38,27,0,0,72.0
72.3,67.6,19727.41,20,0,0,80.4
77.7,88.9,45435.04,22,0,1,100.0
61.3,77.6,49612.29,36,0,0,72.7
91.7,79.0,72455.57,24,0,0,94.2
98.2,87.5,79620.97,35,0,0,100.0
72.5,92.9,70644.34,24,0,0,90.4
58.0,77.4,38273.13,15,0,0,69.3
69.0,95.4,43623.01,26,0,0,74.4
46.6,62.5,28236.73,22,0,1,90.9
51.9,96.3,61894.88,22,0,0,78.5
39.8,95.1,49831.73,36,1,1,86.0
55.6,88.6,78145.97,21,0,0,71.2
46.5,86.1,84833.0,21,0,0,75.6
74.4,72.1,50671.26,29,0,0,76.4
53.8,90.0,68943.96,26,0,0,79.9
69.1,55.9,53749.54,30,0,0,74.4
76.2,88.7,34312.2,30,0,0,77.3
82.6,83.4,40131.58,16,0,0,89.6
59.7,64.4,19255.43,28,0,0,70.5
69.7,80.4,49125.19,30,0,0,82.8
70.1,89.6,44499.27,28,0,0,81.9
84.1,86.0,34628.48,20,0,0,79.0
76.8,94.0,90182.4,37,0,0,97.5
84.6,89.5,77896.83,38,0,0,95.7
40.0,55.6,78973.98,32,0,0,60.1
55.0,87.5,84610.37,24,0,0,83.0
80.5,93.7,59820.51,38,0,0,82.7
73.7,90.6,59513.7,29,0,0,83.6
63.1,78.3,90681.09,32,0,0,84.4
57.9,82.1,83586.43,23,0,0,88.1
76.8,83.1,100078.27,30,0,0,87.4
35.3,59.2,58582.78,30,0,0,47.0
76.9,83.5,36563.66,16,0,0,88.6
66.4,82.6,67410.2,29,0,0,87.1
57.7,88.6,44840.8,33,0,0,64.7
72.5,92.2,83014.27,38,0,0,85.7
59.2,80.2,69140.8,25,0,0,81.6
65.4,94.1,61434.11,36,0,0,88.0
64.3,86.7,49216.62,39,0,1,86.2
76.2,85.3,98749.16,22,0,0,89.2
67.4,94.7,95030.21,24,0,0,84.0
36.4,92.6,45240.85,20,0,1,80.5
44.1,73.0,32396.59,33,0,0,62.0
48.7,89.0,65494.58,17,0,0,73.6
71.8,92.8,108331.5,32,0,0,98.3
73.4,97.7,31859.97,22,1,1,82.7
90.1,81.6,75749.04,35,0,0,97.1
49.8,81.2,39716.13,23,0,0,63.8
84.6,87.6,36009.85,19,0,0,84.1
35.9,57.8,95376.95,19,0,0,59.4
65.3,87.7,82881.8,38,0,0,82.6
68.7,89.6,55484.27,29,0,0,78.8
68.6,68.1,88854.01,38,0,0,78.6
60.4,80.4,84268.2,16,0,0,79.1
66.8,60.5,28477.68,38,0,0,73.3
46.5,87.7,62450.89,27,0,0,74.7
78.0,63.5,121346.17,37,0,0,86.9
68.7,71.8,75879.89,26,0,0,81.1
70.4,74.6,16189.38,36,0,1,91.3
60.8,72.7,35055.07,17,0,0,81.5
60.1,81.6,98507.4,19,0,0,82.8
72.9,87.5,45316.09,32,1,0,74.5
88.8,78.0,104890.22,25,0,0,96.7
44.1,58.0,166550.07,30,0,0,71.8
43.3,89.4,53158.12,23,0,0,57.2
69.0,86.4,43961.97,35,0,0,77.5
60.0,89.5,36203.98,38,0,0,76.4
66.9,91.6,87476.17,35,0,0,83.7
64.6,85.6,44296.46,23,0,0,77.2
74.3,52.9,48966.01,26,0,0,84.6
60.7,85.5,34396.65,25,0,0,76.5
46.9,92.9,48229.09,15,1,1,79.8
53.2,74.3,42051.15,20,0,1,80.4
62.6,86.2,22225.78,27,0,1,96.5
46.2,95.7,39366.18,38,1,0,52.5
64.4,87.0,86950.55,37,0,0,82.4
65.9,84.8,117535.75,16,0,0,90.7
59.6,86.1,56764.43,32,0,0,76.8
68.1,66.6,60891.42,30,0,0,85.2
40.8,82.1,69077.98,24,0,1,86.4
50.7,91.7,159740.42,31,0,0,83.2
47.9,84.5,36137.08,30,0,0,64.1
78.2,81.6,31854.33,31,0,0,81.9
99.6,78.4,58349.3,29,0,0,100.0
51.8,69.8,72919.01,17,0,1,94.9
61.5,93.9,58883.51,17,0,0,72.1
54.6,88.0,30264.45,38,0,0,65.7
68.3,93.3,93190.75,23,0,0,87.7
55.9,87.6,55878.28,19,0,0,77.7
69.2,83.5,78998.85,31,0,0,76.9
75.0,74.2,130143.87,32,0,0,86.9
46.6,73.7,28806.49,30,0,0,65.3
69.1,81.1,25357.25,34,0,0,80.4
38.1,85.7,79441.99,23,0,1,90.0
61.2,94.1,21650.01,29,0,0,74.0
60.1,72.4,49023.79,35,0,0,67.0
61.6,74.9,44997.02,23,0,1,89.9
60.3,69.3,71677.07,27,0,0,79.6
57.6,83.7,42913.68,15,0,1,97.1
61.0,86.7,76571.72,30,0,0,74.3
68.6,78.7,35119.28,23,0,0,86.1
69.0,92.0,32175.49,38,0,0,75.4
66.7,63.3,60454.21,27,0,0,76.8
56.4,94.3,63110.39,28,0,0,71.0
81.2,91.1,69397.32,25,0,0,99.9
87.9,89.6,125465.77,15,0,0,100.0
45.7,56.1,113584.8,37,0,0,67.2
67.5,83.2,75042.4,28,0,0,79.7
58.0,85.5,89742.22,35,0,0,88.2
78.9,64.0,68259.34,38,0,0,85.8
64.8,61.2,107985.39,34,0,0,88.7
65.8,54.7,71821.65,32,0,1,92.0
72.4,84.0,45427.76,15,1,0,74.2
60.5,72.5,41100.17,37,0,0,75.4
90.2,53.4,106456.38,15,1,0,84.9
72.6,92.5,54636.5,39,0,0,85.0
79.0,86.1,156122.87,31,0,0,99.0
61.7,85.1,34467.77,36,0,0,78.3
63.2,79.2,111940.18,16,0,0,79.5
77.2,98.3,48375.89,36,0,1,100.0
75.7,81.0,73396.6,36,0,0,82.8
46.3,93.6,31230.0,30,0,1,90.6
66.9,59.2,23878.95,19,0,0,72.6
72.1,78.1,125491.44,19,0,0,86.8
63.0,89.4,48081.74,38,0,0,83.9
70.7,75.2,97996.36,21,0,0,91.1
63.7,71.2,43121.51,35,0,0,79.2
31.3,80.6,98062.87,18,0,0,69.4
45.3,82.9,48324.23,15,0,1,91.0
79.6,89.3,32687.93,32,0,0,89.1
61.3,87.8,82722.13,24,0,0,79.4
67.8,96.0,96018.89,21,0,0,94.1
64.9,95.0,82472.15,25,0,0,84.6
52.6,81.5,55693.77,15,0,1,88.6
58.0,64.7,24973.52,39,0,1,86.9
69.9,56.4,35084.91,20,0,0,73.0
71.5,53.5,42150.2,19,0,0,80.5
97.8,68.6,52620.93,36,0,0,98.0
57.8,81.7,105387.53,27,0,0,83.3
90.1,75.6,56461.7,31,0,0,84.7
52.1,69.9,20882.95,32,0,0,55.5
72.3,81.6,16391.82,21,0,1,95.8
67.7,79.9,42303.37,20,0,0,79.9
63.1,86.0,46320.41,21,0,0,84.3
64.9,93.9,71526.54,26,0,0,79.3
55.7,89.3,28962.33,20,0,0,67.4
78.6,91.8,29991.3,37,0,1,95.4
52.4,94.4,75116.46,30,0,0,69.5
69.8,92.9,116669.81,37,0,0,86.0
76.3,76.5,22431.71,36,0,1,88.7
85.8,67.9,40763.02,22,0,0,87.4
79.6,84.5,104361.89,29,0,0,92.4
73.6,94.3,95467.19,37,0,0,85.5
55.4,93.9,37690.16,23,0,0,68.6
53.2,94.9,106931.0,27,0,0,73.3
47.9,88.5,61233.73,35,0,1,77.6
46.5,78.1,83285.16,26,0,0,65.8
65.0,81.6,42107.59,28,0,1,91.4
54.1,90.3,69300.56,22,0,0,65.2
83.0,94.0,33426.22,29,0,0,96.0
56.3,90.5,45539.1,38,1,1,91.0
66.4,85.1,51614.66,38,0,0,77.4
61.0,99.5,64219.59,18,0,0,70.9
43.9,81.5,199439.27,23,0,0,85.9
81.3,90.6,215330.62,34,0,0,100.0
75.4,77.9,49318.15,20,0,0,75.9
77.2,78.3,125467.19,20,1,0,76.3
73.9,76.1,34386.65,16,1,1,89.0
53.6,72.6,73104.01,37,0,0,65.5
53.9,94.6,42496.37,21,0,1,89.4
71.8,81.4,47787.45,15,0,1,88.4
88.1,86.2,226472.72,35,0,0,100.0
70.8,86.9,49340.88,23,0,0,87.3
79.7,88.7,43264.12,19,0,0,84.1
57.1,91.5,36309.68,37,0,0,76.8
81.5,77.2,40756.34,23,0,0,83.8
58.7,95.8,29410.6,27,0,1,93.0
68.6,57.7,66931.55,15,0,0,71.9
59.5,85.4,66332.4,39,0,0,78.1
78.3,59.4,70888.15,34,0,0,86.6
78.5,58.5,59533.05,29,1,0,73.0
42.8,74.5,45085.24,31,0,0,59.4
84.9,69.8,43112.9,22,0,0,77.0
100.0,91.1,64828.58,29,0,0,100.0
59.7,77.5,58351.64,33,0,0,72.8
63.1,62.0,43569.69,25,0,1,85.6
83.6,71.5,51880.61,22,0,1,97.6
66.0,80.3,129278.51,20,0,0,88.0
64.9,61.2,160345.53,20,0,0,79.1
93.5,94.0,53631.1,22,0,0,100.0
44.7,96.2,41485.98,39,0,1,86.1
53.2,71.7,58597.67,38,0,0,64.7
71.3,60.7,105655.69,37,1,0,67.8
40.7,72.5,58580.9,33,0,1,85.1
59.4,90.0,71506.61,34,0,0,65.0
59.3,89.7,43098.05,23,0,1,90.4
79.4,97.7,33411.49,34,0,0,90.4
75.4,71.4,87621.07,38,0,0,84.0
39.8,91.1,66000.81,20,0,0,72.7
54.6,93.7,83109.8,19,0,0,78.6
54.6,87.7,25453.37,30,0,0,66.6
61.8,64.0,149689.95,21,0,0,81.5
48.5,82.7,67923.69,15,0,0,71.7
71.8,61.3,24255.14,24,0,0,71.3
54.6,51.4,98071.69,33,0,0,72.6
73.8,83.1,49677.41,19,0,0,93.1
65.0,82.9,60794.46,34,1,0,62.4
50.4,93.7,47152.33,33,0,0,73.5
85.8,77.8,57013.98,33,0,0,85.6
86.3,84.7,58468.29,23,1,0,78.8
69.4,76.8,25976.95,35,0,0,74.2
61.4,82.7,92307.54,17,0,0,77.9
49.2,72.5,63350.25,35,1,1,85.2
81.1,73.8,74839.03,23,0,0,88.8
77.3,89.6,90036.95,33,0,0,89.1
52.8,87.4,63603.88,30,1,1,88.7
54.7,75.0,70653.77,35,0,0,73.5
71.9,65.9,28703.92,16,0,0,77.5
47.4,86.5,39529.94,22,0,1,93.0
55.6,70.4,62474.03,28,0,0,71.4
49.4,92.8,65699.88,20,0,0,83.3
49.9,53.3,73156.32,26,0,0,60.7
54.2,89.3,120936.77,38,0,0,71.2
78.6,60.9,57119.2,15,0,1,98.8
38.7,87.0,71786.13,32,0,0,69.2
71.5,83.9,61666.46,37,0,0,80.5
68.9,79.8,52846.12,21,0,0,76.4
79.5,83.1,53883.75,39,0,0,85.9
68.9,85.5,40451.43,26,0,0,78.6
59.3,58.8,56471.69,26,0,1,87.6
52.8,48.3,53667.37,20,0,1,80.3
79.9,97.4,55500.9,37,0,0,86.7
72.5,61.9,25060.52,34,0,0,79.7
57.6,97.8,56984.2,16,0,0,84.6
78.6,88.5,38617.98,39,0,0,84.0
58.3,76.5,58050.81,25,0,0,68.1
65.0,91.6,34634.83,30,1,1,84.8
55.9,86.7,61387.62,15,0,0,69.2
73.0,62.9,51612.34,20,0,0,84.0
50.1,64.8,43776.8,24,0,0,65.8
60.5,82.2,69193.94,23,0,0,76.4
55.2,65.2,72239.19,24,1,0,65.4
69.0,75.7,58416.01,32,0,0,81.2
70.8,93.5,79570.13,32,0,0,73.8
48.4,77.3,48695.97,23,0,0,63.5
71.1,83.4,73128.69,27,0,0,83.7
42.8,90.3,58623.34,24,1,1,92.5
97.9,77.4,36327.64,23,0,0,100.0
57.3,77.9,40107.71,18,0,1,79.7
80.7,90.1,107226.73,29,0,0,87.9
68.0,66.7,131685.21,38,0,0,84.2
68.6,67.5,85530.38,22,0,0,84.2
47.5,88.8,44730.27,16,0,0,65.8
77.7,96.2,122254.69,18,0,0,98.8
65.7,65.9,81330.35,20,0,0,75.4
72.1,85.3,70814.8,34,0,0,81.0
63.6,88.4,150415.21,21,0,0,83.2
67.0,84.4,38949.15,27,0,0,71.4
51.7,89.3,88123.36,19,0,0,73.3
62.7,68.3,39842.9,18,0,0,79.1
58.7,97.3,44209.06,36,0,0,77.9
54.4,93.3,219922.57,20,0,0,92.6
67.0,77.1,76970.83,19,1,0,70.0
70.5,93.3,150933.35,36,0,0,94.5
68.8,93.9,78573.55,19,0,0,83.6
63.5,55.8,73218.98,21,0,0,70.4
71.2,64.4,43780.82,19,0,0,80.7
68.6,94.2,97623.27,18,0,0,85.1
66.5,76.6,60636.67,23,0,0,73.6
67.5,77.8,62332.49,19,0,0,82.5
82.7,84.0,52545.57,36,0,0,81.3
46.9,97.3,56931.89,16,1,1,89.3
60.2,48.4,60625.09,31,0,0,70.8
70.1,76.3,63668.21,33,0,0,73.9
41.3,52.4,58374.85,21,0,0,52.9
85.7,80.9,27489.96,31,0,0,93.8
68.8,90.4,78509.19,31,0,0,87.2
79.4,67.7,56302.25,30,0,0,86.2
81.8,96.3,11399.68,22,0,1,100.0
71.2,99.4,27066.65,33,0,0,85.6
31.5,69.2,47253.02,32,0,0,57.8
67.2,89.0,113470.5,38,0,0,81.6
68.2,94.5,81134.03,27,0,0,84.3
48.7,92.8,42464.53,28,0,0,67.0
38.2,77.1,54428.88,32,0,0,63.4
71.9,88.7,104013.04,27,0,0,89.4
46.3,91.2,43995.1,24,1,1,90.1
95.9,54.0,34787.81,28,1,0,80.4
68.9,80.2,92992.51,37,0,0,83.2
85.3,40.9,104614.18,37,0,0,90.2
65.5,98.3,44247.4,24,0,0,85.1
76.3,91.3,76405.23,20,0,0,95.8
65.8,76.5,58670.95,31,0,1,95.4
80.1,59.9,44563.32,31,0,0,91.7
34.4,91.0,107405.44,25,0,0,71.7
78.3,91.1,42959.58,33,1,0,86.7
75.0,93.6,87378.24,27,0,0,90.2
62.7,88.6,61947.23,26,0,0,90.3
58.9,74.1,54926.53,26,0,0,76.6
60.5,67.4,45360.05,18,0,0,67.4
69.2,71.6,36559.35,39,0,0,70.9
83.2,93.6,52841.33,30,0,0,89.4
57.0,83.0,46341.4,37,0,0,70.2
39.5,66.3,62708.87,15,0,0,63.4
100.0,85.0,32901.54,34,0,0,100.0
75.1,91.6,55501.34,36,1,0,76.9
59.1,52.5,73348.8,28,0,0,65.5
82.8,76.0,42760.2,27,0,0,88.7
79.0,86.5,86724.46,36,1,0,77.8
72.4,89.4,91563.0,21,1,0,76.6
57.8,95.3,32742.37,39,0,0,72.2
75.0,86.2,40978.27,20,0,0,82.5
81.3,80.8,30631.55,15,0,0,80.0
39.2,96.3,73979.23,33,1,0,57.3
68.4,84.4,63827.47,15,0,0,91.5
69.5,86.8,26888.03,36,0,0,82.1
69.0,88.0,43216.49,37,0,0,73.7
65.7,69.3,69853.88,29,0,0,64.7
82.8,97.3,63352.9,26,0,0,94.5
61.8,87.7,109653.08,29,0,0,85.6
65.0,85.6,33659.15,17,0,0,80.6
69.7,71.5,59608.39,24,0,0,80.3
62.3,69.8,36283.56,39,0,0,65.9
44.2,67.8,63264.32,15,1,1,89.4
68.2,76.3,54692.02,15,1,0,69.5
68.4,73.8,68588.42,37,1,0,66.3
59.5,56.5,48796.99,35,1,1,84.0
63.0,63.6,87655.0,30,0,0,73.8
17.3,84.9,41884.03,19,0,1,70.5
83.1,75.4,36039.25,19,0,0,84.2
78.5,92.4,67011.03,25,0,0,91.0
44.9,91.1,151287.14,25,0,0,84.3
54.9,64.0,27982.63,26,0,0,56.9
86.7,89.8,33783.36,35,0,0,92.0
47.7,87.0,67223.41,32,0,0,73.7
72.2,77.0,105199.37,28,0,0,88.5
57.6,65.6,69787.99,15,0,0,76.4
71.2,86.3,44178.86,35,0,0,87.9
65.8,64.9,73876.33,39,0,0,80.6
60.8,67.1,77510.29,22,0,0,73.4
70.8,73.3,42612.6,39,0,0,82.3
57.6,95.7,90438.27,17,0,0,81.9
38.2,85.4,58849.68,32,0,0,66.6
51.1,75.6,24963.03,35,0,0,58.5
49.3,84.3,55970.77,37,0,0,67.5
40.9,95.9,45047.31,34,0,1,89.7
70.5,72.1,114972.23,16,0,0,86.0
62.4,94.6,30807.84,23,0,0,79.8
70.3,82.4,47025.17,36,0,0,86.5
72.8,94.6,68091.21,33,0,0,84.8
76.3,90.9,200690.49,26,0,0,100.0
71.1,97.9,159127.69,25,0,0,90.5
50.3,64.5,58535.06,15,0,0,71.2
73.7,84.0,71299.62,30,0,0,77.0
68.3,65.8,80901.89,15,0,0,81.7
97.9,78.4,36090.4,38,0,0,95.0
65.1,85.2,60178.55,34,0,0,87.3
70.7,71.5,117960.93,23,0,0,83.8
63.6,76.2,64267.33,19,0,0,67.9
65.7,78.6,158720.87,19,0,0,91.8
64.7,74.8,47914.85,22,1,1,83.4
58.5,73.7,57278.11,37,0,0,72.2
67.7,94.8,57506.27,38,0,0,78.2
74.3,76.4,31236.05,28,0,0,79.2
58.7,58.6,104087.34,18,0,0,64.8
77.5,79.4,50671.89,26,0,0,76.2
75.7,90.7,68122.17,16,0,1,100.0
51.8,83.6,44391.88,20,0,0,69.5
50.5,69.7,141857.98,28,0,0,69.9
71.7,71.3,110893.77,27,0,0,82.9
56.2,57.8,61646.73,37,0,1,89.0
49.3,95.0,32464.52,36,0,1,87.0
90.8,41.5,86853.32,17,0,0,91.9
50.5,76.3,102897.42,33,0,0,68.2
42.1,81.8,37659.59,19,0,1,87.8
53.2,78.7,55731.62,37,1,0,58.4
68.5,87.8,62219.5,32,0,0,83.6
66.1,85.6,103103.51,26,0,0,85.9
93.3,64.9,55510.51,25,0,0,90.0
53.5,79.3,96859.97,18,0,0,74.1
68.5,45.0,40682.44,26,0,0,70.8
81.9,93.7,35322.88,38,0,0,91.0
55.1,85.2,149606.02,33,0,0,90.4
75.6,57.1,31063.2,21,0,0,73.8
37.5,80.5,41125.48,24,0,1,87.6
91.4,85.2,88652.23,33,0,0,96.1
79.9,87.4,45920.8,38,0,0,85.7
54.8,96.7,45312.8,37,1,1,88.5
77.4,62.4,54243.54,15,0,0,80.6
84.7,76.4,20373.95,30,0,0,83.3
45.7,97.6,104851.38,18,0,0,85.0
56.0,80.6,65378.07,37,0,0,73.0
85.2,72.6,39905.91,26,0,0,89.5
66.0,92.9,25383.34,27,0,1,100.0
71.5,73.8,30252.12,35,0,0,86.2
66.1,80.9,26979.93,17,0,0,75.9
78.4,86.8,67079.27,30,0,0,84.2
72.7,92.5,67414.88,16,0,0,81.9
66.6,95.2,81314.48,23,0,0,78.9
33.5,73.3,86361.17,20,0,0,59.2
74.6,82.1,81967.81,24,0,0,81.5
75.9,71.7,129174.74,31,0,0,89.4
46.4,64.5,108838.53,19,0,0,66.1
47.4,78.3,96683.41,26,0,0,69.5
72.8,80.0,67399.29,37,0,0,82.2
67.9,80.0,85851.08,22,0,0,81.5
35.4,93.1,48761.55,35,0,0,56.0
52.7,67.3,53610.51,26,1,1,84.1
69.7,86.2,141592.34,26,0,0,96.8
75.2,85.5,45317.22,24,0,0,90.4
56.2,93.0,43679.78,27,1,1,92.1
62.8,87.5,49959.29,15,0,0,77.3
51.8,93.2,45494.52,16,0,1,89.1
84.9,93.5,47463.96,34,0,0,94.5
67.6,77.6,67585.53,29,0,0,81.6
55.0,86.1,68700.82,24,0,0,78.2
47.7,85.6,94423.59,15,0,0,82.9
46.0,85.3,178802.77,34,0,0,79.0
92.2,82.1,49802.97,36,1,0,79.3
62.4,63.4,57943.23,36,0,0,69.7
59.0,97.2,23885.47,32,0,0,74.7
61.8,86.9,31377.5,15,0,1,90.9
55.5,69.2,55653.18,26,0,1,92.8
63.4,69.8,75492.69,22,0,0,80.9
65.5,55.3,76549.39,39,0,0,80.6
65.2,69.5,81514.82,23,0,0,85.4
46.1,89.6,112278.01,37,0,0,60.5
78.4,81.2,140483.3,34,0,0,90.0
56.7,81.4,53013.5,16,0,0,74.5
55.1,84.2,40092.19,30,0,0,65.3
54.4,52.0,83070.41,37,0,0,67.4
49.2,49.0,95502.91,36,0,0,61.4
69.0,54.7,64081.81,28,0,0,73.9
78.4,84.8,54748.33,37,0,0,94.1
54.2,63.4,46533.0,15,0,0,74.5
37.4,95.9,58622.99,28,0,0,64.8
49.6,72.7,84544.58,34,0,0,65.0
58.3,71.7,42867.49,31,1,1,85.6
46.5,61.1,40115.68,37,0,0,49.8
56.0,84.4,80805.2,20,0,0,80.0
56.7,93.2,39182.19,22,1,0,67.3
64.8,84.6,64574.95,32,0,0,73.3
43.2,72.7,62887.7,22,0,1,92.7
73.7,89.2,59886.44,22,0,0,83.0
89.9,84.1,43419.81,16,0,0,89.0
86.4,78.7,142479.44,30,0,0,99.8
56.2,95.5,73069.44,27,0,0,71.0
75.0,87.5,46295.33,28,0,0,80.1
73.3,62.0,70648.24,21,0,0,83.2
64.3,90.5,149658.68,17,0,0,87.8
67.7,87.3,62614.76,35,1,0,78.0
75.2,81.8,128885.02,22,0,0,84.5
78.3,80.2,33729.33,15,0,0,85.4
52.8,86.9,39121.42,31,0,0,75.0
76.2,84.2,20533.23,22,0,0,86.5
90.0,69.5,160794.4,20,1,0,88.6
78.2,63.8,25567.36,33,0,0,88.2
88.0,84.0,65323.15,25,0,0,84.4
26.2,64.6,142745.58,22,0,0,60.6
73.9,80.5,97302.66,22,0,0,92.7
69.0,73.7,72268.7,39,0,0,85.6
80.4,86.3,113727.65,24,0,0,90.0
48.1,70.4,42864.79,24,0,1,86.0
57.4,78.8,77562.78,36,0,0,78.4
78.5,83.5,56595.01,37,0,0,84.9
49.1,74.6,56015.13,27,0,0,61.3
68.6,83.6,65860.5,36,0,0,72.3
64.7,92.2,107759.83,17,0,0,83.1
62.1,43.1,131041.57,39,0,0,72.3
73.6,69.5,52391.13,31,0,0,76.4
48.3,91.6,34740.24,35,0,1,96.9
53.3,91.5,39743.84,36,0,0,73.4
62.9,70.6,158561.44,29,0,0,83.4
47.0,79.9,125541.07,20,0,0,73.6
83.5,92.0,34695.3,31,0,0,88.1
53.0,63.1,137379.79,38,0,0,77.3
76.8,92.6,41947.34,15,0,0,81.9
51.9,96.9,83475.01,17,0,0,72.4
75.6,50.9,41931.65,22,0,0,77.4
40.9,69.9,176563.35,22,0,0,60.2
86.1,70.5,45023.04,25,0,0,83.8
82.0,79.0,35422.24,30,0,0,90.0
56.7,78.3,47654.76,15,0,0,76.9
52.6,86.5,222668.33,25,0,0,80.6
71.9,80.0,68205.28,31,0,0,82.3
42.1,77.6,35806.78,27,0,1,76.6
65.5,89.1,40368.69,38,0,0,73.5
52.9,86.7,24988.23,16,0,0,66.8
61.2,52.4,78438.19,19,0,0,76.4
55.3,93.9,32039.62,38,0,0,76.1
53.0,68.7,104071.07,35,0,0,69.9
90.6,80.7,88880.03,26,0,0,89.2
76.7,58.6,56953.5,29,0,0,71.5
42.8,71.5,111086.07,21,0,0,74.6
51.9,71.7,95110.5,20,0,0,71.5
77.9,97.7,64760.77,19,0,0,89.7
79.5,80.2,40779.12,29,0,1,93.2
44.2,83.5,73626.99,17,0,0,73.4
75.5,76.5,73412.47,36,0,0,87.3
69.0,78.8,76552.15,23,0,0,80.3
35.9,78.6,62287.51,37,0,0,55.1
59.0,61.6,70514.74,31,0,0,72.5
63.0,86.5,69638.64,35,0,0,69.2
65.7,79.9,118307.87,37,0,0,85.9
45.2,91.6,31664.45,28,0,1,85.2
53.6,76.9,36286.67,21,0,0,69.9
55.7,91.6,62166.09,29,0,0,74.8
57.0,77.5,40945.85,21,0,0,75.9
57.2,66.8,66531.87,27,1,0,66.2
63.0,77.8,34317.91,28,0,0,79.2
69.6,97.3,37134.8,36,0,0,81.8
91.6,89.9,167753.01,25,0,0,100.0
78.1,98.3,53387.59,32,0,1,99.6
84.8,89.6,33335.53,27,0,0,86.5
57.8,91.5,56533.5,26,0,0,77.8
49.9,95.4,100529.9,16,0,0,77.6
77.0,89.6,109399.9,24,0,0,98.7
64.8,74.5,28838.43,36,1,0,61.9
76.0,74.7,40801.67,25,1,0,64.9
51.8,73.2,66926.71,30,0,1,89.8
74.7,88.0,58865.64,31,0,0,89.9
62.4,88.8,26903.1,28,0,1,95.2
58.1,92.7,29173.18,36,0,1,93.5
59.5,72.2,35108.49,35,0,0,75.2
72.4,98.7,24699.94,27,0,0,84.0
76.6,95.8,47608.4,31,0,0,78.6
59.5,81.5,108798.01,19,0,0,85.2
70.2,69.7,42919.36,18,0,0,79.9
70.1,88.7,102860.38,39,1,0,75.6
76.1,84.3,60769.8,25,0,0,80.0
79.8,87.7,54628.39,31,0,0,83.8
92.2,64.9,26033.26,17,0,0,79.9
58.0,75.3,107463.71,16,0,0,76.3
86.9,93.2,63463.09,15,0,0,92.6
66.8,86.1,26904.63,32,0,0,76.1
48.6,79.0,72469.95,30,0,0,77.0
55.2,65.1,44626.46,25,0,0,72.9
72.0,59.8,61738.36,21,0,0,79.4
75.9,93.9,67512.43,19,0,0,85.4
49.8,53.4,109959.55,32,0,0,62.6
53.5,87.1,34076.41,18,0,1,95.8
57.0,75.1,79693.32,36,0,0,67.2
52.0,75.3,116325.63,22,0,0,69.9
36.8,75.8,211132.97,36,0,0,87.6
31.7,72.6,101192.51,20,0,0,60.7
59.3,96.2,71732.79,36,0,0,88.8
68.8,93.1,68700.44,35,0,0,81.5
74.8,83.0,130098.98,35,0,0,97.2
44.6,77.0,51884.82,36,0,0,65.1
44.8,40.2,89138.91,36,0,0,56.8
57.1,89.3,179342.26,15,0,0,84.1
65.1,59.7,56687.71,21,0,0,63.4
80.1,88.1,21873.34,20,1,1,89.9
75.8,97.8,38932.84,36,0,0,88.7
59.5,94.8,69336.22,15,0,0,79.7
70.4,84.5,39400.15,21,0,0,78.1
52.3,89.6,50331.83,28,0,1,90.5
66.1,98.5,51661.96,20,0,0,87.3
64.1,72.1,79258.87,24,0,0,71.5
86.1,51.1,37310.02,32,0,0,84.1
72.4,80.0,44717.39,30,0,0,73.4
53.4,63.6,120997.31,26,0,0,60.4
53.6,89.4,47052.48,25,0,0,69.1
60.0,58.8,86067.98,38,0,0,70.1
41.5,91.5,60292.86,22,0,0,65.4
61.5,84.6,59186.05,29,0,0,76.3
62.8,68.6,86601.36,37,0,0,79.0
72.0,88.9,23594.5,26,0,1,92.6
74.2,90.9,74732.64,37,0,0,79.8
66.5,87.8,78935.09,21,0,0,88.6
40.6,77.2,91511.67,30,0,0,72.2
46.7,89.0,49625.73,18,0,1,90.6
55.9,98.5,59889.88,15,0,0,80.0
74.8,95.0,17566.25,39,1,1,96.7
74.3,69.2,42833.65,15,0,0,86.2
61.3,86.6,65368.3,35,0,1,88.8
100.0,83.9,124907.75,29,0,0,100.0
88.4,68.1,150676.35,28,0,0,90.6
83.6,72.0,50451.92,39,0,0,87.0
75.5,86.0,92689.99,29,0,0,91.8
71.9,74.2,55625.48,16,0,0,75.0
70.8,95.1,26689.37,30,0,0,84.4
37.9,61.7,81026.18,19,0,0,66.0
49.2,72.5,149588.37,25,0,0,83.9
61.7,86.2,49477.91,25,0,1,93.5
66.9,95.6,38039.16,15,0,0,84.0
63.1,89.8,61925.32,16,0,0,87.0
69.1,78.0,56308.69,15,0,0,75.3
33.5,70.8,220801.84,17,1,0,63.9
72.6,54.5,99005.54,34,0,0,74.5
65.9,80.2,63875.75,15,0,0,80.7
62.2,75.6,14077.53,31,0,0,69.6
78.9,72.7,55734.28,16,0,0,82.6
49.3,85.1,151162.9,28,1,0,72.0
61.4,58.9,62319.13,34,0,0,67.7
69.3,89.5,90302.89,16,1,0,74.9
52.2,47.0,72837.02,32,0,1,90.0
34.9,93.6,46942.04,22,0,0,72.3
47.7,68.4,139477.4,22,0,0,81.2
64.0,60.7,65805.12,21,0,0,76.4
61.3,60.0,42047.91,25,0,0,74.1
64.7,80.6,60522.02,34,0,0,79.1
55.1,86.0,122243.88,21,0,0,70.3
45.3,87.4,28574.62,36,0,1,76.8
67.1,79.2,68537.28,21,0,0,79.4
62.5,59.7,62119.63,31,0,0,82.2
74.6,83.0,27721.0,29,0,0,75.3
53.8,88.4,87849.81,35,0,0,78.9
34.7,86.6,68065.51,35,0,0,55.2
25.9,80.5,92898.62,21,1,0,53.4
59.0,90.5,105771.79,34,0,0,83.4
66.9,92.2,58233.73,31,0,1,91.6
61.5,76.1,45351.48,33,0,0,73.9
56.5,83.0,29370.18,28,0,1,92.6
41.1,82.5,43383.34,34,0,0,63.3
36.7,75.4,60202.79,19,0,0,67.2
70.5,90.6,36982.92,26,0,0,85.1
61.6,92.0,80155.68,38,0,0,88.8
59.5,87.3,38112.1,38,0,0,81.1
41.9,85.1,24799.79,26,0,1,86.1
50.5,83.4,44847.91,16,0,1,93.9
65.7,77.6,65651.39,18,0,0,78.6
69.3,63.6,31897.32,16,0,0,78.0
62.5,92.0,38402.16,19,0,0,81.2
85.7,93.2,43691.71,34,0,0,88.3
56.4,85.1,46656.19,16,0,0,81.5
84.3,90.7,69490.21,27,0,0,91.1
68.3,87.4,82367.77,17,0,0,86.5
66.6,78.1,47230.0,29,0,0,76.5
79.0,82.4,35615.31,33,0,0,91.5
55.6,81.4,64110.78,30,0,0,66.2
60.1,91.6,77564.28,28,0,0,72.9
46.6,84.0,134173.22,37,0,0,71.5
79.0,46.0,106200.66,18,0,0,83.6
70.0,41.5,31906.85,31,0,0,70.7
81.5,80.9,55798.6,35,1,0,70.8
68.1,87.6,75213.11,36,0,0,83.5
81.5,82.6,39140.14,36,0,0,79.3
53.8,83.2,50244.08,26,0,0,72.0
79.8,88.3,83866.34,16,0,0,98.3
59.0,68.7,67845.32,35,0,0,76.7
65.0,66.0,59925.91,34,1,0,63.1
75.9,94.5,43184.0,28,0,0,82.9
99.9,84.5,29062.34,35,0,0,100.0
77.3,74.6,51214.73,37,0,0,86.2
78.7,94.0,57204.43,17,0,0,93.3
56.8,87.6,28732.56,30,0,0,76.5
67.4,87.8,61327.61,22,0,0,84.8
63.6,73.9,72840.11,26,0,0,80.4
86.1,88.7,42361.88,23,0,0,93.1
62.8,62.9,73256.51,15,0,0,77.7
84.9,87.7,68723.94,15,1,0,82.5
45.5,93.2,51417.51,23,0,1,89.3
86.0,96.5,48630.91,29,0,0,100.0
52.1,84.7,50711.19,24,0,0,75.1
77.8,87.0,39022.74,31,0,0,80.8
52.0,92.1,71134.06,16,0,0,79.8
74.3,80.0,39236.55,17,0,0,82.5
50.6,58.7,40516.3,37,0,0,58.8
80.5,84.8,76774.88,24,1,0,82.7
77.7,93.1,53048.64,33,0,0,83.0
56.0,91.5,61749.95,23,0,0,71.3
73.7,72.4,25442.91,32,0,0,84.5
79.2,94.3,46089.86,17,0,0,83.2
51.2,67.0,138743.9,23,0,0,76.7
49.5,72.2,24577.73,36,0,0,67.5
48.9,54.5,143603.93,25,0,0,68.1
46.8,87.8,68227.77,23,0,0,75.7
48.9,49.2,45867.24,19,0,1,85.2
78.9,65.2,54056.74,34,0,0,99.7
73.4,76.5,110775.04,32,0,0,88.0
39.6,93.8,19172.89,26,0,1,93.4
57.3,89.4,121505.45,31,0,0,75.4
47.6,38.2,68379.07,35,0,0,55.7
77.9,85.8,99321.92,31,0,1,100.0
58.3,87.1,24980.19,30,0,1,87.6
41.8,81.2,53437.44,36,0,0,60.9
67.6,79.8,18691.5,36,0,1,100.0
74.1,71.1,108966.05,28,0,0,90.3
50.7,79.6,36630.83,37,0,0,69.2
61.0,47.0,36362.67,23,0,0,68.9
51.5,91.2,22760.58,36,0,0,69.9
83.7,88.2,74770.95,27,0,0,84.0
58.5,85.1,62065.48,17,0,0,77.6
54.2,53.1,41194.7,38,0,0,60.1
64.2,95.9,68292.25,19,1,1,100.0
61.9,70.2,40539.57,38,0,1,85.7
75.3,74.3,24843.61,22,1,0,67.7
83.2,86.2,49916.21,17,0,0,83.8
83.4,86.9,136265.33,37,0,0,100.0
59.3,94.8,97327.14,30,0,0,88.5
69.6,66.1,75183.4,18,0,0,76.3
87.3,68.9,67643.89,23,0,0,87.4
87.9,75.1,49927.87,21,1,0,85.8
51.9,85.5,86507.67,32,0,0,73.5
73.9,64.2,79432.42,31,0,0,83.2
71.3,76.5,57436.96,36,0,0,83.0
78.9,84.4,66140.74,20,0,0,87.7
83.7,86.7,26824.47,24,0,0,86.1
49.4,88.1,47091.67,19,0,0,65.5
54.6,67.0,32973.08,29,0,0,61.5
78.6,84.4,32660.13,16,0,1,90.6
67.2,70.8,75745.68,29,1,1,91.5
31.6,78.5,31815.07,23,0,1,80.0
40.0,75.4,87907.86,20,1,1,85.2
74.9,75.6,100307.95,18,1,1,100.0
77.6,85.0,58055.1,37,0,0,86.8
44.8,93.5,44233.69,28,0,1,81.3
81.5,92.1,100258.95,23,0,0,91.6
62.0,72.4,78919.58,38,0,0,70.8
49.7,98.6,108835.17,15,0,0,74.1
56.6,78.0,34865.24,33,0,0,72.6
46.7,79.9,52566.05,24,0,1,87.8
55.8,97.5,53675.8,32,0,0,70.7
37.0,76.0,66483.72,33,0,0,64.4
63.9,79.2,81833.62,35,0,0,77.8
73.8,72.2,64145.91,20,0,0,79.4
44.8,72.8,116739.63,17,0,0,73.5
65.3,92.3,49643.73,32,0,0,86.3
52.9,69.1,35436.4,35,0,0,62.4
75.0,55.5,42923.11,34,0,0,72.3
30.3,85.1,40334.46,35,0,1,81.9
75.7,90.3,47669.04,24,0,1,100.0
37.7,70.7,52334.2,34,0,1,78.9
61.9,64.9,53455.87,18,0,0,70.6
54.4,88.2,67235.98,22,0,0,75.5
59.6,94.2,47545.97,30,0,0,70.5
42.1,81.4,101154.11,36,1,0,56.0
89.9,82.9,22717.76,16,0,0,87.7
45.7,69.1,19664.52,33,0,1,76.2
46.9,80.3,98780.42,29,0,0,72.4
91.9,91.3,94974.74,22,0,0,100.0
69.8,78.1,111247.39,31,0,0,77.8
46.2,66.2,82319.52,27,0,0,70.8
63.1,50.0,59949.88,36,0,0,70.7
61.5,75.2,52616.53,17,1,0,45.8
39.7,82.7,26874.48,39,1,1,74.4
53.6,72.6,64462.27,24,0,0,87.9
64.6,90.6,29190.55,27,0,0,66.9
84.0,60.2,205470.39,25,0,0,100.0
62.2,93.8,35738.21,15,0,0,80.2
63.3,70.0,57657.95,28,0,0,70.4
52.8,92.3,127160.51,16,0,0,83.7
81.4,95.3,49860.57,36,0,0,91.4
78.5,73.6,50029.07,26,1,1,93.2
76.8,88.8,16425.79,18,0,1,96.8
66.7,76.0,31104.59,26,0,0,73.8
41.0,97.3,79282.17,15,0,0,72.0
81.3,71.8,138194.52,24,0,0,97.2
65.9,91.2,38346.72,18,0,0,84.7
60.4,91.5,66063.39,16,0,0,78.7
71.7,82.2,231938.32,39,0,0,100.0
68.4,72.8,79491.14,37,0,0,73.4
49.0,83.1,97541.91,36,0,0,63.5
60.2,87.4,40821.45,39,0,1,89.6
36.4,81.1,130116.66,27,1,0,52.6
66.3,85.7,42355.12,22,0,0,78.9
85.0,88.8,38793.09,16,0,0,93.1
38.1,80.4,125453.34,17,0,0,70.2
66.9,63.7,43544.16,29,0,1,88.4
75.0,94.2,59764.23,21,0,0,83.5
77.2,90.4,135008.46,24,0,0,99.1
53.8,92.5,37908.84,34,0,0,76.6
48.5,63.9,53188.41,25,0,1,85.0
56.2,84.5,44129.97,36,0,1,86.3
82.9,93.2,50799.19,39,1,1,100.0
39.4,78.9,61060.53,37,0,1,77.7
46.8,89.1,117014.01,28,0,0,69.5
58.1,89.3,136100.04,33,0,0,86.3
50.4,81.7,64726.1,28,0,0,62.2
64.4,67.9,41635.51,36,0,0,66.4
86.2,94.2,84037.53,37,0,0,100.0
46.9,67.9,60031.97,15,0,0,58.1
62.8,95.1,61019.5,21,0,0,79.1
64.9,73.1,35742.24,19,0,0,84.0
60.0,94.4,26674.34,21,0,1,96.4
41.3,68.9,59310.4,27,1,1,73.4
55.4,67.8,35075.94,21,0,1,88.9
55.5,75.2,45929.66,36,1,0,61.4
74.5,66.6,125659.55,33,0,0,81.8
71.3,92.9,57810.26,39,0,0,85.9
41.7,77.5,104145.71,27,0,0,74.9
59.2,66.3,69429.8,30,0,0,80.6
57.5,86.8,80171.09,35,0,0,78.6
94.3,79.1,45477.89,39,0,0,97.1
69.4,62.1,106559.17,29,0,0,77.3
48.8,79.2,69941.48,33,0,0,77.5
53.3,84.1,52459.62,21,0,0,67.6
59.3,87.4,69923.0,19,0,0,74.8
70.4,90.4,41872.26,28,1,1,90.6
72.3,73.7,51697.2,37,0,0,77.0
68.0,62.9,58242.13,30,0,0,70.4
61.9,95.0,46034.92,38,0,0,75.5
63.0,76.0,130530.22,25,0,0,91.2
63.1,74.5,48650.07,38,0,0,70.7
38.3,91.9,169610.5,35,0,0,71.9
64.1,44.7,61922.17,25,0,0,78.1
56.3,78.5,53254.37,26,0,0,62.3
40.2,95.4,46526.91,35,0,0,68.4
100.0,89.0,73954.45,27,0,0,100.0
69.7,42.9,93629.1,22,0,0,80.0
65.2,70.1,16831.91,20,0,1,91.3
59.4,80.7,60020.51,36,0,0,81.1
76.0,78.6,22157.96,16,0,0,76.2
47.6,87.1,97822.79,37,0,0,65.4
60.3,69.6,98700.29,24,1,0,69.4
50.7,84.6,61113.43,37,0,1,84.0
75.8,74.0,66449.48,36,0,0,87.4
52.6,73.7,29293.39,16,0,0,69.8
81.5,90.8,45540.48,25,0,0,90.8
63.5,91.8,44086.55,19,0,1,92.9
76.6,75.9,47834.27,20,0,0,83.8
71.0,88.4,92603.95,30,1,0,75.4
80.9,81.3,113646.99,34,0,0,100.0
51.0,76.8,81250.08,24,0,0,70.3
78.6,62.7,50934.55,28,1,1,87.9
37.1,91.4,41229.87,20,0,0,67.8
65.6,93.6,62646.43,19,0,0,77.7
56.8,81.8,69442.97,24,0,0,84.1
43.9,94.7,53610.96,26,1,0,50.1
51.6,88.7,43065.05,39,0,0,78.1
55.4,89.7,81440.48,36,0,0,75.8
62.1,66.7,85541.95,31,0,0,74.0
57.1,83.6,31071.09,30,0,0,79.8
66.2,90.1,49421.07,24,0,0,79.0
52.5,71.9,88340.23,31,0,0,66.5
57.8,91.6,98153.77,16,0,0,80.9
60.7,84.3,61838.62,16,0,0,81.0
67.7,78.8,71873.81,28,0,0,80.4
77.7,59.1,67932.45,18,0,0,82.0
77.8,95.3,96486.11,26,0,0,91.2
68.6,68.4,34385.67,16,0,0,79.6
71.5,68.4,68446.16,28,0,1,90.5
69.7,87.8,38390.71,38,0,1,97.7
60.3,70.3,103160.41,38,0,0,84.4
78.5,55.7,35271.36,32,0,0,85.7
51.3,73.9,73441.5,39,0,0,76.4
34.3,77.0,38493.69,39,0,0,51.6
49.4,46.6,87222.02,23,1,0,63.8
86.0,94.3,74581.25,39,0,0,93.3
60.6,86.4,67496.54,37,0,0,78.7
69.1,81.2,159606.66,39,0,0,89.8
60.9,84.5,42139.3,38,0,0,70.6
73.4,88.9,95133.4,22,0,0,89.9
66.1,75.9,107581.75,21,0,0,87.4
64.0,88.6,95147.04,27,0,0,85.8
74.2,77.3,42673.17,16,0,0,84.7
58.0,61.6,53247.23,16,1,1,80.2
70.6,87.8,44223.79,30,0,0,80.6
62.4,84.0,51603.77,30,0,0,77.7
63.4,77.5,39317.11,38,0,1,83.0
52.7,86.2,49930.06,32,1,0,63.7
61.8,79.4,124718.38,16,0,0,85.9
56.9,86.5,51040.83,21,0,0,81.6
81.9,81.9,63127.92,21,0,0,87.6
39.7,72.7,41659.48,31,0,0,59.1
78.3,86.5,59426.99,37,0,0,86.5
38.8,76.0,90520.84,26,0,0,68.4
73.1,78.4,76475.41,27,0,0,82.2
52.4,77.0,121679.59,19,0,0,83.4
73.5,82.9,32698.88,29,0,0,79.9
63.2,87.9,41020.04,35,0,0,77.2
43.5,77.1,48705.62,16,0,1,82.5
85.4,86.1,128342.65,20,0,0,93.5
76.6,56.4,69521.59,18,0,0,81.8
72.5,84.3,29480.07,37,0,1,90.9
55.4,79.9,103374.99,27,0,0,71.8
77.2,89.9,63246.58,16,0,0,88.8
45.8,60.3,93447.97,38,0,0,58.4
31.6,86.4,132160.91,19,0,0,65.9
41.6,71.8,36724.54,22,0,0,60.9
51.2,91.1,132139.93,30,0,0,84.5
53.7,83.9,57693.48,21,0,0,72.0
58.5,97.8,48680.8,17,0,0,79.8
59.1,90.3,64688.04,39,0,0,69.8
55.3,75.6,32983.07,23,0,0,63.0
33.3,92.1,59280.51,27,0,0,65.9
67.9,45.5,53032.17,16,0,0,70.0
61.0,73.8,37456.08,33,0,1,84.7
54.6,96.0,43338.83,25,0,0,68.7
86.0,77.3,105774.01,24,0,0,93.5
61.4,89.1,54784.42,25,0,0,80.8
65.9,80.4,36667.08,31,0,1,82.1
76.9,82.4,74912.77,31,0,0,100.0
42.7,73.8,87844.82,17,0,0,67.8
64.7,60.2,59814.25,26,0,0,69.9
76.9,78.8,32303.69,17,0,0,82.6
63.6,92.2,16759.92,19,0,0,71.5
45.4,87.7,38161.33,20,0,1,88.4
57.8,76.2,101430.51,34,0,0,72.6
67.8,88.4,96898.73,24,0,0,86.4
33.4,83.1,40214.24,25,1,1,74.1
44.7,77.5,53212.09,37,0,0,66.9
94.6,94.3,84872.16,33,0,0,100.0
72.3,83.8,55869.48,34,0,0,78.8
87.3,83.7,95622.18,25,0,0,95.9
78.0,65.7,57033.12,35,0,0,85.5
70.9,92.5,76175.78,22,0,0,92.6
60.4,89.0,50950.58,23,0,0,78.7
70.7,87.4,40458.7,17,1,0,68.5
86.7,60.1,107242.59,15,0,0,87.3
77.4,66.9,28254.72,16,0,0,82.4
67.5,95.3,44362.59,16,0,0,85.8
62.4,76.5,57115.37,17,0,0,79.4
72.5,80.5,91980.31,32,0,0,88.8
57.0,48.1,38582.64,31,0,1,76.8
72.5,73.6,63794.49,26,0,0,79.1
54.5,92.1,29933.7,20,0,0,71.3
59.7,88.8,74622.05,21,0,1,98.2
49.6,77.5,149023.14,31,0,0,78.4
58.4,79.1,22476.28,23,0,0,72.5
54.7,87.2,41618.79,37,0,0,60.9
90.4,67.7,90986.63,26,0,0,87.7
51.6,88.8,260882.1,28,0,0,92.2
70.8,88.0,80340.75,25,0,0,86.4
50.8,80.9,41576.11,18,0,0,68.2
65.7,90.1,55587.37,33,0,0,81.7
69.3,81.3,32421.38,20,0,0,82.4
37.2,99.1,89551.21,33,1,0,52.3
44.0,84.6,101017.85,30,0,0,61.8
50.7,74.0,120950.89,30,0,0,72.3
45.5,61.2,50764.99,18,0,0,66.1
66.3,89.2,39984.11,39,0,0,79.0
68.6,90.3,126434.92,19,0,0,88.6
49.1,78.2,119421.11,24,0,0,80.8
66.9,87.8,36536.35,19,0,0,90.1
58.6,79.1,49623.39,23,1,1,90.6
63.5,79.4,88855.0,32,0,0,87.6
55.6,44.5,52779.7,37,0,0,56.3
72.3,86.9,60829.02,37,0,0,83.8
89.5,48.6,28722.84,20,0,1,93.8
76.6,91.0,34160.97,28,1,1,97.9
85.9,77.2,57198.45,34,0,0,83.1
44.0,97.3,42218.42,37,0,0,66.2
54.9,76.7,33724.91,30,0,0,65.5
73.5,78.4,51170.99,17,0,0,87.2
87.6,87.9,38608.55,39,0,0,87.6
74.8,67.7,60720.35,15,0,0,75.2
49.6,77.7,98346.02,20,0,0,75.5
58.5,78.4,51501.55,15,0,0,78.7
70.0,76.0,48385.64,20,0,0,75.6
62.5,63.3,102421.21,35,0,0,80.3
53.0,92.8,86401.62,19,0,0,77.6
60.6,83.1,89232.77,26,0,0,79.8
64.8,96.8,16977.53,20,0,0,67.0
48.7,82.0,47851.0,22,0,0,74.0
79.8,81.7,44987.05,39,0,0,86.6
58.4,46.0,39624.7,33,0,0,66.3
63.9,83.2,101396.65,19,0,0,85.3
80.5,63.3,45627.74,29,0,0,83.9
63.1,72.5,29875.82,28,0,1,97.4
79.7,81.5,67716.43,30,0,0,93.4
49.6,88.5,59646.63,20,0,0,69.2
71.5,91.7,37751.72,31,0,0,95.6
77.6,72.9,99602.08,31,0,0,91.8
52.6,76.5,78076.26,30,0,0,81.4
62.3,74.5,77950.48,15,0,0,79.7
62.6,72.7,76266.05,32,0,0,77.1
68.1,66.5,103238.52,18,0,0,76.5
72.1,78.7,55397.91,36,0,0,72.1
51.3,89.5,32183.91,17,0,1,90.0
64.1,68.5,53981.13,39,0,1,89.1
88.9,79.0,26165.27,17,0,0,92.0
80.8,76.7,35205.99,27,0,0,81.2
76.9,76.0,134529.38,34,0,0,95.0
62.1,83.5,34534.28,18,0,0,80.2
96.9,87.9,33290.43,25,0,0,100.0
80.4,82.4,83684.67,35,0,0,100.0
65.6,96.2,92189.9,19,0,0,89.7
68.3,94.1,26025.83,16,0,1,100.0
58.1,83.8,67805.05,20,0,0,78.6
70.9,79.7,45515.29,39,0,0,80.5
73.9,53.3,70635.53,19,0,0,75.2
75.5,56.2,51465.32,15,0,0,80.7
62.3,97.2,30248.4,39,0,0,74.3
42.9,88.3,47066.71,37,0,0,59.7
68.6,91.7,81870.48,37,0,0,76.3
75.6,80.9,158237.51,25,0,0,94.8
50.3,52.4,72760.23,20,0,0,60.4
63.6,84.3,49243.72,31,0,0,76.2
85.1,75.2,33195.72,25,0,0,90.9
46.9,82.5,55313.6,21,0,1,84.3
60.7,83.6,49552.02,30,0,0,69.0
87.3,84.9,69765.13,34,0,0,86.3
67.4,84.8,58115.49,19,0,0,77.9
57.1,84.3,76098.96,21,0,0,73.5
64.9,82.0,50018.45,17,0,0,72.0
77.4,88.8,140724.39,16,0,0,100.0
61.9,85.2,80170.5,15,0,0,83.6
74.0,98.7,42051.6,22,0,1,93.7
68.5,91.7,98770.61,38,0,0,80.2
69.8,72.0,33590.37,21,0,0,81.7
74.9,80.5,39052.4,24,0,0,76.0
60.6,72.3,40115.04,28,0,0,67.2
50.8,89.8,116330.4,23,0,0,76.7
72.1,87.7,54755.01,25,0,0,80.0
63.0,81.2,43724.2,15,0,0,87.4
58.3,83.1,64994.11,33,0,0,77.1
72.9,37.4,78514.14,35,0,0,76.9
84.2,82.3,132533.5,28,0,0,97.2
62.7,69.6,28325.11,32,0,1,92.9
65.1,72.0,112606.69,37,0,0,82.4
47.3,84.2,21297.13,26,0,0,62.3
61.7,80.4,94196.95,36,0,1,88.3
68.3,93.6,107113.14,24,0,0,84.8
64.7,94.2,109922.94,32,0,0,83.8
59.6,76.6,79572.12,38,0,1,95.7
75.9,79.6,35152.41,17,1,0,77.9
65.9,91.5,86989.24,18,0,0,84.7
100.0,81.9,35110.2,35,0,0,96.8
68.1,65.6,37445.85,36,1,1,79.5
23.8,93.8,47660.93,23,0,0,51.2
48.3,63.8,49857.51,26,0,0,55.1
73.0,84.3,67531.65,23,0,1,97.4
55.4,90.7,42289.74,23,0,0,74.9
56.3,90.8,70604.4,30,0,0,79.3
46.4,80.2,30147.0,38,0,1,80.5
57.8,84.5,61047.45,19,0,0,81.2
67.9,75.2,52248.76,19,1,0,76.5
70.8,87.2,99400.71,28,0,0,91.4
49.7,92.3,104530.67,34,0,0,81.3
77.1,78.6,54996.27,28,0,0,80.1
47.1,87.5,22477.2,29,0,1,78.5
71.6,85.1,28648.72,30,1,1,95.1
70.1,90.9,105016.43,21,0,0,95.5
51.0,74.8,55732.66,25,0,0,77.0
49.2,68.2,143569.9,18,0,0,67.4
70.7,98.0,93746.21,19,0,0,89.8
56.6,31.9,68021.94,28,0,0,58.7
62.1,58.9,63848.92,23,0,0,72.3
75.3,67.6,33710.17,37,0,1,97.6
72.2,94.2,43666.79,23,0,0,86.1
51.3,94.3,73728.03,38,0,0,65.9
64.2,79.6,50385.42,25,0,0,76.1
51.0,86.8,75670.24,33,0,0,69.6
78.0,92.7,100169.52,33,0,0,96.7
88.0,71.0,54730.25,26,0,0,86.3
52.3,93.3,48253.71,29,0,1,92.3
64.5,78.0,38247.99,16,0,0,74.9
78.8,87.6,90893.43,26,0,0,100.0
65.4,43.9,87268.96,17,0,0,78.5
73.4,73.7,178713.55,29,0,0,93.1
65.8,95.6,65409.96,28,1,0,70.5
49.1,73.1,57049.86,33,0,0,66.5
66.8,88.7,75634.13,17,0,0,94.6
81.9,82.0,51845.45,29,0,0,90.8
69.7,67.8,38458.78,25,0,0,78.3
89.4,86.5,62591.84,36,0,0,97.0
38.4,90.3,75275.19,23,0,0,69.2
70.7,79.9,77811.63,21,0,0,87.4
55.3,90.0,74759.63,21,0,0,80.0
51.9,91.5,101920.1,21,0,0,72.6
85.0,67.2,77672.76,31,1,0,72.6
61.2,88.4,68548.74,18,0,0,82.9
59.7,54.3,31799.54,39,0,1,85.9
70.2,73.5,67706.63,18,0,0,79.0
32.7,91.2,54971.75,21,1,1,76.3
85.3,93.6,34173.06,16,0,0,94.3
93.6,88.4,76913.37,36,0,0,100.0
78.7,84.9,77582.61,19,0,0,82.6
71.2,82.2,74065.26,24,0,0,84.4
61.8,85.5,79046.97,32,0,0,78.2
48.9,64.0,63701.08,28,1,1,79.6
82.9,65.3,52925.27,17,0,1,94.4
78.7,43.5,145077.21,17,0,0,85.3
71.8,63.5,64480.47,33,0,0,77.3
70.0,34.7,16792.86,35,1,1,68.8
69.5,90.3,17785.61,39,1,1,94.0
57.1,78.8,109367.81,27,0,0,77.9
100.0,87.9,23932.73,21,0,0,95.0
60.7,87.2,45607.7,20,0,1,89.2
58.6,88.5,32600.99,34,0,1,92.2
81.8,79.7,51467.91,27,0,1,92.7
64.6,91.3,72624.31,19,0,0,86.0
64.7,67.2,42944.84,20,0,0,78.6
86.2,78.2,39822.84,26,0,0,85.5
75.2,86.6,86218.54,22,0,0,77.5
75.9,91.2,223226.0,39,0,0,99.2
43.7,82.0,78449.67,32,0,0,65.7
71.0,73.6,37910.69,38,0,0,76.7
49.9,73.8,92556.0,29,0,0,80.0
58.2,82.8,143210.26,22,0,0,85.3
67.6,83.9,101892.28,27,0,0,93.3
64.5,66.6,27671.1,21,0,0,76.6
74.8,86.1,77981.28,30,0,0,88.9
76.6,87.9,47594.89,34,1,0,75.5
77.7,79.3,61467.14,39,0,0,74.9
44.8,84.1,49658.54,37,1,1,70.7
100.0,63.4,86801.09,19,0,0,100.0
64.6,79.6,50187.71,34,0,1,93.0
83.2,86.0,121651.54,36,0,0,100.0
27.3,89.3,59785.28,29,0,1,74.0
61.0,87.1,53544.1,36,0,0,77.4
43.1,80.8,79689.02,39,0,0,68.4
52.1,57.7,71582.43,37,1,0,53.1
65.8,74.4,80838.52,29,0,0,74.2
60.0,79.5,56015.38,15,0,0,70.8
84.7,67.5,116686.72,18,0,0,90.7
91.5,75.1,98236.39,34,0,0,93.9
50.5,89.0,59507.79,35,0,0,67.5
57.7,63.4,90340.27,35,0,0,74.4
49.5,69.6,52496.27,18,0,0,66.3
82.3,68.6,79629.0,29,0,0,81.9
67.4,90.7,90459.62,17,0,0,88.7
65.5,80.5,67836.67,20,0,0,74.2
69.7,70.6,39732.9,28,0,0,75.4
60.3,91.3,32967.64,16,0,0,71.0
52.2,81.2,69337.9,39,0,0,67.1
65.8,84.2,41692.08,36,0,0,74.3
61.0,88.2,101433.88,35,0,0,78.6
70.2,80.2,28158.87,30,0,0,76.8
40.5,86.9,115684.26,17,0,0,71.4
67.8,88.0,61419.52,34,0,0,86.2
54.7,71.6,39060.28,20,1,1,77.9
67.3,95.7,47778.36,17,0,0,68.1
78.6,95.2,54079.58,37,0,0,82.5
56.7,87.6,76230.2,29,0,0,81.6
83.0,68.7,32447.38,19,0,0,88.0
38.9,72.1,37065.93,15,0,1,78.2
88.2,74.9,50912.81,39,0,0,87.2
83.6,64.8,58961.27,39,0,0,75.1
51.7,88.2,85669.08,31,0,0,69.7
51.8,78.9,68501.88,34,0,0,66.3
42.6,82.8,49279.24,26,0,0,68.2
78.8,86.0,67388.2,34,0,0,86.9
60.0,85.5,65038.97,24,1,0,61.7
58.9,83.7,52793.04,38,0,1,84.7
48.2,92.5,63457.85,16,0,0,76.3
92.2,81.5,20419.24,37,0,0,89.2
50.4,94.3,95486.72,22,0,0,71.5
65.4,91.1,78745.4,33,0,0,86.8
68.2,87.3,126625.74,30,0,0,91.7
59.0,85.3,39915.71,33,0,0,70.6
56.0,87.9,79678.09,23,1,0,60.7
59.5,74.4,23098.16,22,0,0,77.9
73.5,69.7,24764.95,31,0,0,80.4
59.8,65.8,53184.7,29,0,0,70.7
89.4,87.4,44831.52,16,0,0,87.7
53.3,74.7,101080.24,18,0,0,77.3
76.3,83.7,107922.86,20,0,0,86.0
38.7,88.6,113756.55,29,1,0,62.4
53.3,68.5,80736.46,27,0,0,73.5
52.8,67.2,82495.97,17,0,0,68.0
48.4,59.8,31544.38,34,0,0,63.3
69.3,58.2,120553.74,30,0,0,79.8
63.3,57.5,111965.5,28,0,0,82.9
30.8,94.2,30032.33,18,0,1,79.8
94.9,54.6,75661.41,24,0,0,96.4
67.6,75.2,45553.51,37,0,0,89.4
65.0,79.7,150965.65,37,1,0,72.3
84.7,88.2,36772.07,37,0,1,94.5
79.8,96.0,62711.23,18,0,0,91.8
60.5,66.9,65708.57,26,0,0,76.1
35.7,70.8,58297.97,19,0,1,77.9
73.5,45.9,175286.64,18,0,0,88.4
50.6,64.8,139459.09,23,0,0,70.9
83.6,89.6,26402.1,34,0,1,92.8
53.4,69.5,76386.56,15,0,0,73.2
58.2,78.0,59535.32,30,0,0,73.3
44.9,68.9,90866.44,22,0,0,62.1
46.1,86.4,66599.21,27,0,0,64.4
63.4,96.2,39882.64,36,0,0,75.7
62.0,75.6,35641.03,32,0,1,89.5
57.9,92.0,48974.09,15,0,0,69.2
95.8,88.6,56372.17,21,0,0,95.2
74.1,87.7,65969.9,28,0,0,91.3
65.2,91.8,45013.69,22,0,0,82.6
23.6,92.5,140503.39,30,0,0,61.9
77.4,76.7,78247.12,28,0,0,92.2
100.0,85.4,92686.55,24,0,0,100.0
62.2,70.9,55861.73,23,0,0,72.8
52.8,70.6,35640.46,34,0,0,67.2
67.4,72.6,93122.43,21,0,0,83.1
43.5,85.9,36434.37,19,1,1,88.1
71.9,71.5,21776.64,28,0,1,87.0
87.5,50.1,79444.31,32,1,0,80.7
54.9,42.4,41035.52,33,0,0,60.9
55.4,89.8,50658.85,22,0,0,67.4
63.8,73.6,84710.47,24,0,0,80.6
57.5,83.3,37601.92,25,0,0,70.2
42.3,90.2,26873.52,19,0,1,92.1
59.2,79.2,110162.5,29,0,0,75.2
56.2,79.0,58153.75,17,0,0,70.4
85.5,81.9,112271.16,38,0,0,95.6
82.3,73.4,81884.62,37,0,0,79.8
86.0,86.2,83101.95,21,0,0,100.0
77.0,58.0,64972.38,21,0,0,87.8
68.1,81.3,64945.47,35,1,0,73.4
51.9,68.0,105583.29,34,0,0,72.5
84.9,85.6,89970.4,36,0,0,96.4
70.2,80.4,44599.97,20,1,0,71.9
46.3,76.2,76611.34,36,0,0,71.3
51.3,87.1,43928.93,38,0,0,77.6
46.0,91.0,51210.35,20,0,0,68.3
34.2,70.8,79554.01,24,0,0,58.9
70.8,94.6,43598.63,34,0,0,81.4
46.4,65.2,64460.41,26,0,0,58.7
53.7,72.8,72406.49,18,0,0,72.6
65.6,92.0,50530.52,19,0,0,72.8
62.2,73.8,85805.8,37,0,0,82.9
54.3,83.2,48062.96,30,0,0,77.4
87.8,55.5,95924.36,27,0,0,86.3
42.1,93.3,63917.47,15,0,0,63.4
42.7,88.1,65278.82,15,0,0,72.7
71.9,79.7,38201.21,30,0,0,72.2
55.6,74.7,53246.54,35,0,0,65.5
55.0,82.8,66001.2,19,0,0,68.9
48.8,82.4,99928.52,31,0,0,74.4
70.1,86.0,50978.43,37,0,0,82.5
68.4,81.4,99743.23,21,0,0,86.1
66.8,94.2,41035.35,18,1,0,70.4
56.3,74.2,70762.29,16,0,0,77.0
53.7,45.8,46472.31,16,0,0,64.3
62.6,88.2,129584.0,18,0,0,93.6
79.5,93.4,118401.6,16,0,0,100.0
88.5,91.5,69068.45,15,0,0,92.5
81.7,92.9,45819.45,31,0,0,86.9
72.6,83.0,28043.52,22,1,0,69.3
79.7,96.9,72340.94,32,0,0,86.0
47.3,93.7,66421.01,23,0,1,97.0
54.3,76.7,91957.33,16,0,0,79.0
72.9,98.9,28762.24,18,0,1,98.2
63.2,85.4,64264.31,37,0,0,79.6
70.1,94.3,74198.03,21,1,0,73.6
79.7,61.5,38139.84,25,0,0,85.7
77.4,65.0,63466.2,22,0,0,82.3
48.6,79.3,41627.88,17,0,1,77.5
65.2,60.5,39629.27,31,0,1,82.3
51.2,79.7,45921.9,18,0,0,75.4
53.3,69.6,52415.14,30,0,1,86.3
39.3,66.0,111231.34,17,0,0,67.7
67.0,80.6,50976.21,34,0,0,76.9
38.2,88.8,39225.19,36,0,0,53.5
70.9,91.1,89899.28,30,0,0,81.0
85.4,93.8,100091.93,15,0,0,100.0
73.0,83.1,90194.52,27,0,0,91.5
65.8,86.5,118733.13,31,0,0,78.3
88.0,74.0,65915.56,26,0,0,97.2
69.9,97.8,64718.55,30,0,0,82.1
52.1,92.5,42110.93,16,0,1,92.6
66.9,76.1,120512.57,24,0,0,84.7
94.4,76.5,57177.63,17,0,0,98.9
48.6,98.6,51442.17,26,0,0,75.3
44.3,73.3,49192.48,35,1,1,76.7
74.2,60.0,82313.2,39,0,0,86.1
61.6,80.8,62428.21,20,0,1,100.0
57.0,88.4,65824.73,19,0,1,96.9
46.1,78.8,50905.82,38,0,0,59.4
35.7,55.7,54222.42,15,0,1,81.5
43.2,72.2,55601.6,37,0,1,81.0
89.2,59.6,121879.15,30,0,0,92.8
64.9,88.0,24328.02,22,0,0,72.1
35.6,86.2,74913.97,27,0,0,70.4
82.8,66.1,103164.61,39,0,0,88.8
83.5,88.1,23878.55,28,0,0,94.0
83.4,89.6,57772.07,25,0,0,94.8
58.7,86.9,97836.73,39,0,0,74.5
61.0,94.5,41089.82,26,0,0,73.1
67.1,95.5,68478.18,27,0,0,82.6
86.0,80.3,37571.88,22,0,0,89.0
56.7,77.9,60872.85,24,1,0,61.1
53.7,76.6,113413.36,17,1,0,72.6
75.4,92.3,139777.28,20,0,0,96.1
83.1,74.0,68024.17,35,0,0,89.3
64.2,96.5,31587.52,33,0,0,72.3
75.1,71.6,51265.04,32,0,0,72.3
66.7,71.6,24183.25,32,0,0,77.9
61.2,92.8,51689.34,34,0,1,89.8
52.6,87.3,96988.64,39,1,0,63.4
47.7,76.9,30289.57,32,0,1,83.9
55.8,51.6,53985.08,30,0,0,66.8
50.4,85.4,39811.3,35,0,1,85.2
69.3,72.4,146802.67,27,0,0,83.8
83.3,50.7,73082.43,38,0,0,81.0
68.1,83.0,91600.03,25,0,0,75.5
51.2,71.4,69306.77,32,0,0,70.8
77.8,88.4,87596.11,30,0,0,92.7
69.5,90.5,102777.37,28,0,0,89.3
72.4,86.3,61031.86,21,0,0,85.2
57.2,83.8,45908.56,20,1,1,92.6
82.0,77.4,37510.59,31,0,1,100.0
81.9,81.7,144259.05,37,0,0,100.0
62.2,75.7,90250.04,29,0,0,78.3
75.8,81.3,19700.49,24,0,1,95.4
81.5,78.1,52980.97,39,0,0,86.2
58.0,64.2,73720.91,31,0,0,68.6
63.8,67.4,138154.52,16,0,0,84.8
66.2,71.1,34498.19,37,0,0,74.0
48.5,25.1,74100.34,31,0,0,62.9
71.6,51.6,49027.42,27,1,0,72.4
80.3,87.8,32910.08,32,0,0,87.2
62.8,52.4,117326.38,33,0,0,80.0
70.1,47.8,36971.95,16,0,0,73.6
86.0,70.2,97284.21,16,0,0,97.6
58.9,79.9,26976.13,32,0,1,93.3
70.4,77.9,46863.45,21,0,1,100.0
56.5,91.0,79699.37,24,0,0,68.1
56.0,93.9,85681.19,18,0,0,82.0
70.1,81.6,74491.55,18,1,0,72.7
68.6,89.1,97998.69,38,0,0,87.3
73.3,82.8,51828.7,35,0,0,84.7
66.1,93.8,120113.66,15,0,0,85.0
72.0,95.1,71561.22,16,0,0,79.4
90.0,78.3,86457.08,24,0,0,97.5
80.9,61.5,71811.23,29,1,0,73.1
70.1,69.0,76551.43,26,0,0,84.3
72.6,83.6,36294.7,17,0,0,81.3
60.5,86.6,37390.55,18,0,1,97.1
62.6,87.2,45679.67,23,0,0,78.9
72.4,83.3,77432.23,28,0,0,77.9
66.3,63.4,44609.11,24,0,0,74.6
76.9,75.3,51635.36,24,0,0,84.0
84.0,54.3,57738.5,19,0,0,83.5
63.5,88.3,121653.93,25,0,0,88.2
34.9,93.3,80934.28,28,0,0,60.5
95.5,63.9,28835.06,20,0,0,98.7
55.2,73.0,64850.82,25,0,0,64.8
67.9,77.8,51446.05,25,0,0,71.9
75.9,80.8,53414.45,17,0,0,88.3
86.1,98.0,59893.44,27,1,0,95.3
92.1,83.2,105126.61,32,0,0,96.1
59.5,80.9,39864.73,32,1,1,88.1
82.8,91.4,66299.77,20,0,0,98.0
68.0,77.8,69238.88,27,0,0,79.4
100.0,71.0,53600.43,20,0,0,94.9
81.5,84.2,43514.03,26,0,0,93.9
62.3,69.5,41041.19,21,1,1,87.5
53.1,67.2,48517.53,28,0,0,70.1
25.6,75.0,86578.99,23,0,1,75.3
75.1,56.4,50052.67,17,1,0,71.9
80.1,91.8,56978.57,29,0,0,94.0
76.2,71.0,33574.24,21,0,0,83.6
29.7,92.2,47231.94,21,0,1,85.6
46.1,97.3,67149.58,38,0,0,78.2
72.2,84.8,26013.96,35,0,0,82.2
91.8,77.8,100956.65,33,1,0,93.4
64.2,87.1,44514.46,16,0,0,82.8
81.4,83.2,144566.34,34,0,0,93.7
49.5,92.5,73864.85,38,0,0,73.1
68.1,87.3,23922.53,28,0,1,97.2
60.9,62.6,68786.58,19,0,0,62.6
82.8,91.2,51071.81,15,0,0,92.5
56.9,91.5,69216.31,26,0,0,82.8
90.2,78.2,134372.07,26,0,0,96.0
60.4,80.9,85176.95,33,0,0,72.2
49.0,87.9,53483.96,35,1,1,85.7
49.5,87.0,29779.1,36,0,1,80.8
55.7,56.8,92631.91,16,0,0,78.1
70.6,73.4,77254.98,38,1,0,68.4
55.9,91.6,106825.41,27,0,0,83.2
52.7,85.8,55746.42,26,0,0,67.2
78.3,93.5,69393.92,37,0,0,99.0
16.8,86.0,52937.55,37,0,1,86.6
58.6,78.7,62531.4,21,0,0,80.7
45.0,83.7,28077.92,35,0,1,80.6
52.0,82.6,70202.17,16,0,0,72.8
68.7,63.0,72489.54,22,0,0,69.0
61.9,88.2,46540.3,33,0,0,82.7
60.6,93.5,81091.07,33,0,0,80.4
82.8,95.0,92621.9,32,0,0,94.3
64.8,76.7,120581.64,16,0,0,80.2
92.1,80.9,35953.23,16,0,0,98.4
75.7,82.0,83674.74,27,1,0,80.2
50.5,84.3,116885.47,20,1,0,67.1
94.0,70.7,50241.79,22,0,0,95.5
69.2,67.2,120265.8,33,0,0,93.3
93.1,94.2,41649.58,20,0,0,92.3
61.0,90.9,61997.81,33,0,0,71.4
69.1,85.6,25247.53,23,0,0,74.9
71.5,89.8,23537.97,29,0,0,86.3
62.5,80.7,27537.74,31,0,0,74.7
84.1,84.0,121706.39,37,0,0,91.9
94.0,59.8,40627.7,22,0,1,100.0
30.6,88.9,40679.3,23,0,1,79.3
77.2,82.3,73432.71,19,0,0,89.1
51.6,92.4,41283.7,20,0,0,73.9
26.1,70.2,109370.35,35,0,0,54.1
72.8,87.4,152028.37,35,0,0,83.7
72.8,77.3,19715.66,25,0,0,79.8
75.2,84.5,77662.74,21,0,0,86.7
70.6,85.3,21370.33,34,0,0,75.0
78.1,83.0,30331.3,29,0,0,84.8
56.0,68.0,76025.49,27,0,0,75.2
69.0,90.2,37352.35,29,1,1,80.6
75.5,65.1,68217.75,28,0,0,82.9
85.3,66.5,60811.26,20,0,0,88.0
65.7,90.4,26264.36,18,1,0,66.4
61.8,67.0,83175.36,32,0,0,78.8
64.2,90.9,69528.97,32,1,1,83.3
47.1,90.8,61047.86,18,0,0,56.0
76.5,70.3,43302.92,35,0,0,72.7
43.1,96.0,72753.69,15,0,0,74.4
70.9,61.9,31352.6,17,0,0,73.9
66.3,81.8,36170.04,19,0,0,76.6
41.7,83.1,70295.56,38,0,0,73.4
42.6,75.7,100215.29,34,0,0,69.5
52.2,87.4,47166.29,20,0,0,76.6
59.8,78.5,75245.05,18,0,0,77.0
87.2,61.5,66335.41,19,0,0,78.6
63.3,49.9,73655.37,26,0,0,71.6
73.2,89.8,42366.29,21,0,0,79.9
84.0,71.3,55568.76,27,1,0,73.5
81.1,75.3,58740.38,22,1,0,79.4
64.9,81.3,126651.41,27,0,0,74.1
54.4,62.7,34466.8,26,0,0,62.6
72.5,75.7,29676.33,24,0,0,77.0
54.7,79.3,268255.4,24,0,0,96.3
92.2,77.9,69876.51,22,0,0,100.0
78.0,75.2,78767.31,28,0,0,76.4
68.1,88.9,82543.75,37,0,0,83.7
72.7,74.8,88074.88,18,0,0,83.9
67.7,88.4,93854.36,34,0,0,85.5
59.5,84.6,88276.45,16,0,0,92.9
72.5,73.0,105188.59,23,0,0,79.3
61.4,58.8,65101.03,20,1,1,82.8
94.1,94.5,102345.78,33,0,0,100.0
54.6,85.1,154198.07,17,1,0,75.7
72.6,94.6,66036.17,27,0,0,90.4
53.3,94.5,76144.85,25,0,0,73.8
53.1,75.1,44805.89,28,0,1,92.8
38.2,87.3,55137.56,31,0,0,67.3
71.2,58.1,71426.66,32,0,0,80.0
57.0,64.9,49285.39,19,0,0,80.1
81.3,45.3,62707.69,39,0,0,81.5
71.2,88.7,71016.25,17,1,0,78.0
67.2,73.0,128067.32,21,0,0,83.4
43.8,86.9,38874.89,20,0,0,67.8
73.8,88.0,73871.44,17,0,0,89.0
55.1,59.2,44263.59,34,0,0,69.3
43.5,30.9,87817.68,27,0,0,60.2
71.5,93.5,91377.06,25,0,0,90.2
46.1,92.3,138514.55,35,0,0,74.4
33.6,69.1,48395.2,16,0,1,83.9
84.5,85.9,64394.25,22,0,0,93.0
56.6,82.4,89503.23,26,0,0,75.2
38.8,62.1,83226.28,26,0,0,57.5
50.6,62.7,17259.2,37,0,1,85.0
54.2,85.5,42458.26,29,1,0,65.1
82.2,72.0,79622.99,39,0,0,87.2
40.1,72.9,53911.66,22,0,0,55.4
44.9,83.9,89834.61,26,0,0,77.6
79.7,91.9,100814.46,37,1,0,89.2
58.3,61.8,53812.16,39,0,0,80.8
68.4,85.7,80854.91,24,0,0,74.5
57.6,89.1,124004.23,35,0,0,79.9
95.3,82.6,99633.3,17,0,0,98.3
45.7,90.2,40728.22,20,0,1,79.4
69.2,80.7,54580.57,39,0,1,95.7
87.5,72.5,60702.51,36,0,0,90.7
59.4,87.1,37510.91,29,0,0,73.5
53.7,89.0,102231.71,28,0,0,69.3
76.5,93.2,43369.96,17,1,1,99.9
80.1,41.0,56913.5,32,0,0,72.8
53.0,86.3,102326.12,35,0,0,81.0
86.9,74.8,47786.74,38,0,0,93.1
65.8,79.0,50599.45,38,0,0,78.5
72.6,62.8,70899.96,31,0,0,78.1
87.3,92.5,48802.81,28,0,0,93.7
76.5,84.1,128837.28,28,0,0,89.8
65.0,75.6,37883.75,30,0,0,78.1
54.9,53.2,19007.59,33,0,0,69.3
100.0,90.9,91262.78,25,0,0,100.0
53.2,86.7,50071.92,19,0,1,91.9
69.8,72.5,39982.0,15,0,0,85.9
72.6,89.8,72544.61,36,0,0,86.9
73.4,84.2,73842.93,34,0,0,73.2
96.9,63.4,40907.08,39,0,0,97.5
65.7,90.9,108384.97,32,0,0,86.2
63.6,93.3,92128.4,28,0,0,85.5
88.3,80.3,160698.73,19,0,0,100.0
63.0,95.0,47604.52,19,0,0,86.3
78.1,82.5,64739.99,36,0,0,82.6
67.9,81.8,67283.2,19,0,0,88.2
78.8,80.6,50844.46,24,0,0,81.2
75.9,85.8,73248.24,24,0,0,89.0
59.0,90.4,76055.01,23,0,0,85.7
37.3,87.5,76072.33,28,0,0,72.1
39.9,94.2,50856.0,15,0,0,70.6
37.4,88.6,53924.44,38,0,0,67.3
63.6,95.5,45091.66,20,0,0,84.4
29.7,79.4,41133.94,39,0,1,75.9
62.6,61.9,57989.98,21,0,0,76.2
67.0,55.1,127805.65,26,0,0,82.8
77.8,88.9,165963.74,29,0,0,100.0
72.6,72.1,115488.83,30,0,0,92.3
78.5,71.8,47479.86,17,0,1,99.1
71.2,88.3,73411.5,30,0,0,84.3
60.1,85.4,21515.81,22,0,1,96.4
63.4,60.8,55409.04,28,0,0,72.0
52.2,46.0,49302.16,17,0,0,69.5
68.4,73.1,152843.31,26,0,0,89.1
41.2,89.9,68200.33,28,0,0,64.0
81.0,71.8,61412.02,33,0,0,83.9
50.7,87.6,57860.08,18,0,0,57.7
67.3,83.2,51770.13,26,0,0,79.3
69.8,59.9,78102.6,17,0,0,83.2
82.4,89.8,42993.27,36,0,0,100.0
39.8,97.2,78820.95,37,0,1,86.5
60.1,85.8,122501.47,30,0,0,80.8
73.2,55.8,63343.04,17,0,0,76.4
91.3,70.2,51166.2,17,0,0,88.4
64.4,58.4,57661.2,21,0,1,94.0
56.1,77.7,109135.2,24,0,0,75.8
95.4,88.8,64190.39,39,0,0,93.9
77.0,86.2,44149.33,30,0,0,86.9
85.6,67.2,89709.04,27,0,0,93.8
46.9,71.7,41967.64,33,0,1,80.5
72.8,79.3,53278.4,20,0,0,88.3
48.8,87.5,67143.1,35,0,0,78.3
45.4,93.7,39994.01,38,0,1,90.7
73.7,96.4,24508.97,23,0,0,86.4
74.8,87.3,74960.88,38,0,0,74.6
57.8,96.5,20011.86,28,0,0,68.9
86.5,84.2,37673.76,31,0,0,82.5
59.5,83.4,88352.79,21,0,0,83.7
61.0,97.7,73835.85,22,0,0,86.2
64.5,95.0,55328.02,19,0,0,83.5
61.4,76.2,38263.54,34,0,0,71.2
84.2,71.1,48266.46,37,0,0,84.5
49.4,62.2,79877.0,26,0,1,100.0
53.7,90.9,56039.76,36,0,0,76.4
47.1,78.7,32287.02,16,0,0,65.2
93.3,76.2,38562.54,30,0,0,94.5
60.1,90.2,48179.5,39,0,0,68.6
53.5,88.0,71933.02,17,0,0,78.0
60.7,72.7,63087.68,29,0,0,73.1
77.7,91.8,32105.19,31,0,0,87.6
75.0,64.1,117421.84,30,0,0,81.8
56.4,97.0,41297.18,17,0,0,84.8
59.0,70.6,74646.82,29,0,0,69.7
43.2,90.1,37283.95,15,0,0,64.4
67.1,74.1,207101.82,26,0,0,87.7
84.2,67.0,116134.99,24,1,0,79.5
56.3,69.2,40651.59,37,0,0,67.3
74.5,49.2,62581.83,20,0,0,79.1
56.3,80.8,35788.66,22,0,1,88.8
48.6,89.8,50111.55,34,0,0,71.2
75.2,65.1,73974.31,20,0,0,95.3
100.0,77.6,91356.4,33,0,0,100.0
73.2,66.3,32234.96,18,0,0,76.1
58.8,70.4,41180.55,36,0,0,76.8
59.8,81.0,95882.88,30,0,0,73.9
93.6,82.3,116070.9,19,0,0,100.0
69.6,45.8,40677.75,30,0,1,78.9
53.5,84.2,96609.04,32,0,0,80.4
64.1,69.0,32280.02,39,0,0,66.8
68.2,70.1,51598.58,27,0,1,88.9
72.0,81.7,33785.8,27,0,0,82.2
87.7,81.2,48880.41,32,0,0,95.1
84.1,57.6,155536.57,22,0,0,98.8
68.0,86.9,58252.92,35,0,0,77.1
64.4,54.4,52001.83,21,0,0,76.9
70.9,70.8,45144.01,36,1,1,84.3
55.9,82.9,51538.84,29,0,0,71.1
79.7,79.1,39964.47,16,0,1,97.2
61.9,51.6,64112.96,18,1,0,61.4
72.4,78.1,58906.28,30,1,0,69.2
90.7,49.6,47633.72,26,0,0,87.4
73.3,85.8,45586.44,30,0,0,75.9
68.5,89.3,65605.71,39,0,0,84.5
57.2,85.3,41578.45,37,0,0,69.3
63.8,68.0,53100.01,31,0,0,68.8
48.0,89.6,47781.35,34,0,0,73.2
73.0,89.9,19869.71,24,0,1,100.0
33.0,85.7,92046.19,29,0,0,66.0
79.5,94.9,23948.82,33,0,1,100.0
76.0,71.5,24732.13,28,0,0,77.6
66.5,84.5,93682.67,15,0,0,78.0
57.0,86.0,34398.48,35,0,1,92.8
64.8,74.1,21200.04,39,0,1,81.1
38.4,88.8,116854.84,18,0,0,73.0
77.4,74.9,43520.63,16,0,0,75.5
62.5,86.2,109904.41,37,1,1,95.6
87.7,73.4,37887.04,22,0,0,95.3
70.9,85.2,26324.6,16,0,0,82.4
68.5,90.6,50979.46,25,0,1,100.0
71.0,91.8,32728.37,24,0,0,89.2
50.4,80.0,73286.14,25,0,0,71.2
58.2,65.2,83958.52,23,0,0,83.4
67.0,94.4,95306.53,38,0,0,83.4
60.5,85.6,51235.64,18,0,0,71.8
56.4,87.3,119392.13,18,0,0,76.5
60.8,65.4,37652.72,35,0,0,74.6
65.7,84.9,64026.4,15,0,0,80.1
99.8,83.3,55872.12,37,0,0,96.2
60.1,91.0,160542.35,18,0,0,92.2
54.8,63.6,109523.92,15,0,0,67.3
62.7,61.3,60844.59,18,0,0,87.3
87.5,86.1,66119.75,18,0,0,88.7
88.6,96.8,129028.52,15,0,0,100.0
94.2,58.4,41118.21,28,0,0,92.2
65.9,68.4,21665.31,30,0,0,71.7
74.6,97.3,36907.65,23,0,0,91.2
49.2,93.2,48666.74,38,0,0,73.4
59.7,56.7,118229.21,39,0,0,74.5
48.3,70.8,100497.39,21,0,0,74.2
72.1,78.4,58575.39,28,1,1,81.6
65.6,85.1,75605.94,19,0,0,80.0
68.4,74.9,42005.18,28,1,1,91.5
52.3,83.5,170120.95,27,0,0,79.1
77.8,95.5,109813.83,37,0,0,92.6
28.9,91.2,61498.94,16,0,1,83.4
61.2,72.6,57710.67,37,0,0,64.8
63.4,82.1,85029.5,34,0,0,84.1
34.7,71.4,58186.74,26,0,0,59.0
70.8,76.4,24084.16,35,0,0,70.8
62.4,90.8,128879.32,21,0,0,95.6
73.4,76.5,107400.42,16,0,0,89.4
95.0,92.9,72113.9,35,0,0,100.0
69.9,83.1,48542.61,32,0,1,95.8
79.6,76.9,60168.76,24,1,0,86.3
85.7,84.2,15963.49,20,0,0,92.5
72.4,91.1,34416.97,38,0,0,77.8
52.0,83.1,144863.78,21,0,0,69.8
40.4,74.3,77546.64,26,0,1,89.6
70.6,59.7,22598.76,35,0,0,72.4
59.0,76.3,39582.39,30,0,0,69.8
84.3,85.5,22864.83,33,0,1,99.0
57.9,87.6,40528.9,34,0,0,63.9
64.8,87.1,55128.29,32,0,0,79.3
47.6,82.7,133359.32,36,0,0,73.6
59.8,92.7,88659.2,28,0,0,78.3
50.9,82.4,51478.89,29,0,0,69.6
52.2,86.6,52758.96,22,1,1,94.1
64.2,77.9,40124.14,38,0,0,72.6
55.9,76.3,103275.96,29,0,0,82.5
100.0,93.2,109619.57,39,0,1,100.0
77.5,87.5,30664.63,35,0,0,90.3
81.3,94.2,25328.18,26,0,0,87.2
63.3,78.5,51059.24,36,1,0,60.8
66.6,84.5,54287.21,32,1,0,79.7
58.6,77.2,68140.89,24,0,0,80.1
100.0,91.2,25916.89,34,0,1,100.0
63.4,67.6,41864.41,28,0,0,75.9
55.9,94.8,57457.37,33,0,0,75.3
53.7,63.2,40562.51,39,0,1,89.2
70.0,91.5,91943.59,30,0,0,89.5
86.3,80.2,152400.37,36,0,0,96.8
81.3,96.0,45737.77,36,1,0,81.3
53.7,81.1,93395.6,34,1,0,62.6
53.3,49.1,50081.82,20,0,0,58.4
83.7,92.5,37605.82,27,0,0,89.5
96.5,78.2,41935.15,25,0,0,92.2
62.8,94.5,87931.59,15,0,0,94.4
83.1,91.9,43442.26,23,0,0,85.0
43.0,78.5,47904.82,33,0,1,82.2
52.3,91.2,33795.53,19,0,0,68.3
49.9,88.9,82204.44,21,0,0,77.7
71.2,98.9,75288.3,16,0,1,100.0
62.3,79.0,123935.16,34,0,0,91.7
68.6,62.4,80672.3,29,0,0,86.3
83.3,74.2,73603.98,20,0,0,90.7
55.2,92.7,80148.8,15,0,0,72.8
66.4,92.4,52682.15,36,0,0,81.9
44.9,82.7,63263.12,19,0,0,69.1
82.5,92.0,95377.3,16,0,0,88.4
81.4,86.6,39731.19,36,0,0,85.6
70.4,75.0,140202.17,35,0,0,88.8
66.8,94.0,82371.27,28,0,0,84.5
57.4,67.4,164486.12,31,0,0,76.4
44.1,58.2,33265.37,26,1,1,74.9
69.6,79.3,33263.31,20,0,0,78.3
76.3,80.1,72114.19,21,0,0,89.4
95.3,96.8,63689.87,30,0,0,95.3
59.1,90.9,47642.03,39,0,0,80.4
69.1,94.4,31739.55,27,0,1,99.5
81.7,68.3,52371.86,16,0,0,79.7
82.2,70.2,66740.2,36,0,0,87.8
55.7,70.5,31124.55,36,0,0,67.2
60.8,72.0,48767.06,31,0,0,72.2
57.1,67.8,72491.0,38,0,1,82.5
51.5,83.3,88773.95,19,0,0,72.9
87.1,70.3,51890.05,16,0,0,86.7
65.9,94.5,40113.74,35,0,0,76.7
63.9,68.5,63424.69,34,0,0,79.5
68.7,74.7,53993.42,37,0,0,74.5
65.8,98.2,28781.12,38,0,0,89.2
61.7,87.2,47798.29,15,0,0,90.1
53.6,90.5,44583.06,15,0,1,94.3
88.5,75.5,60560.1,22,0,0,85.6
56.4,88.1,41487.26,25,0,0,66.7
51.0,82.2,45514.16,26,1,1,86.2
63.8,90.9,54661.32,18,0,0,79.0
97.4,54.4,82387.97,38,0,0,90.1
52.7,73.9,62718.1,21,1,1,85.1
75.6,88.6,226941.54,39,0,0,95.4
61.3,80.6,31810.58,27,0,1,100.0
68.7,69.0,94451.62,21,0,0,85.2
78.8,84.1,57581.71,18,0,0,96.3
39.2,80.0,29818.63,26,0,0,64.7
51.6,78.0,49553.2,35,0,0,71.8
78.6,84.6,28092.65,37,0,0,78.8
66.5,96.8,62400.18,32,0,0,69.1
68.2,85.6,51405.77,27,0,0,85.7
75.7,95.8,42506.96,33,0,0,85.6
51.7,91.5,35240.02,17,0,0,82.2
80.8,92.1,99543.65,28,0,0,91.9
77.3,69.3,55279.03,30,0,0,82.9
68.6,87.0,66486.21,39,0,0,79.6
72.0,48.9,65410.22,16,0,0,84.6
82.5,81.3,63198.44,34,0,0,76.6
56.1,92.2,50854.63,38,0,0,75.4
74.9,86.6,127874.76,15,0,0,90.3
91.2,76.3,183168.3,39,0,0,100.0
74.6,42.0,123494.23,28,0,0,90.5
61.7,89.9,60519.63,36,0,0,72.1
99.8,90.0,58469.15,18,0,0,96.5
68.5,90.0,103401.92,19,0,0,96.9
86.0,85.7,40994.14,21,0,0,89.0
58.7,88.7,140808.67,25,0,0,81.9
81.0,85.9,88939.47,26,1,0,79.5
56.8,92.5,52059.06,22,0,0,67.4
69.9,66.5,68937.28,35,0,0,86.4
55.9,80.2,81915.38,21,0,0,82.9
93.5,79.1,48350.84,17,0,0,86.4
61.7,79.9,100426.66,16,0,0,79.7
48.4,95.9,113143.77,32,0,0,68.5
66.4,87.0,52505.88,24,1,1,95.9
73.1,77.1,47201.2,33,0,1,99.1
64.6,61.4,56800.17,36,0,0,68.1
52.8,94.3,33576.63,29,0,1,88.2
80.6,94.3,26009.37,31,1,0,83.5
83.9,89.5,48212.24,33,0,0,89.1
40.3,78.0,37049.97,17,0,1,80.6
51.8,72.4,145126.22,27,0,0,82.2
62.6,86.2,47662.29,16,1,1,90.8
57.0,84.7,75196.02,29,0,0,82.2
72.9,97.2,43734.65,31,0,0,89.2
92.6,92.2,145964.35,15,0,0,100.0
59.3,96.0,54341.7,28,0,0,73.0
88.7,51.1,32150.11,15,1,1,99.1
43.0,80.7,83711.11,38,0,0,66.5
71.8,79.8,68167.38,36,0,0,82.7
56.1,73.4,109265.25,39,0,0,67.8
72.2,68.1,55433.64,25,0,0,76.6
38.6,89.9,63192.34,17,0,0,61.2
45.7,80.8,28178.2,27,0,1,87.1
72.1,82.8,90920.75,37,0,0,89.8
55.5,77.3,61781.34,36,0,0,70.0
60.2,75.1,56269.11,23,0,0,75.2
92.5,95.9,53388.71,29,0,0,96.8
67.1,96.4,51992.8,23,0,0,91.2
78.5,65.3,91538.05,39,0,0,73.8
53.6,71.7,37692.09,21,0,0,62.7
44.9,57.3,86833.42,39,0,0,61.7
63.8,66.7,26831.39,21,0,1,91.0
42.6,90.6,22964.87,39,0,0,59.6
54.5,74.5,121220.21,16,0,0,70.0
68.6,80.2,35902.4,16,0,0,82.5
63.3,83.5,63126.58,37,0,0,85.8
70.0,57.9,52365.2,36,1,1,78.4
74.0,67.5,71117.37,36,0,0,83.4
47.1,78.7,61432.83,35,0,1,92.9
50.9,93.1,100861.64,15,0,0,80.0
32.3,67.8,29301.71,37,0,0,57.5
59.4,78.4,83739.46,32,0,0,74.6
76.1,72.4,58357.8,30,0,0,78.5
87.4,99.3,27830.01,38,0,0,97.8
67.9,75.3,45938.07,24,0,0,79.8
85.6,72.2,26850.91,37,0,0,85.8
70.8,77.1,25935.97,30,0,0,78.7
66.6,82.6,48131.02,27,0,0,71.3
55.8,89.5,108355.05,16,0,0,77.4
29.2,72.3,70004.25,16,1,0,48.3
83.3,76.6,114655.71,24,0,0,100.0
64.2,78.4,62191.62,38,0,0,71.2
85.8,65.4,129947.23,26,0,0,91.3
50.8,75.3,123413.7,19,1,0,68.9
100.0,78.1,37234.87,22,0,0,85.1
61.3,71.0,62037.87,31,0,0,73.1
54.6,89.2,41722.09,23,0,0,66.4
61.8,90.3,55691.96,38,0,1,100.0
67.6,83.1,137187.81,36,0,0,91.2
64.0,97.1,43442.5,29,0,1,91.8
57.3,96.8,33087.83,27,0,1,93.3
37.9,48.5,34200.61,28,0,1,70.7
52.9,49.5,49132.02,22,0,0,59.2
81.1,95.3,389527.45,31,0,0,100.0
51.8,92.8,125042.77,25,1,0,66.1
39.2,93.1,14235.93,22,0,1,85.5
49.2,71.6,58811.79,28,0,0,72.9
63.7,70.0,43718.23,15,0,0,69.7
53.6,88.9,98042.99,26,0,0,72.5
60.8,71.2,33206.42,34,0,0,81.9
53.0,85.4,35659.86,24,0,0,70.7
80.1,78.9,44992.76,26,0,0,84.3
72.4,84.7,42367.92,33,0,0,77.1
98.3,90.2,82931.67,29,0,0,99.1
59.3,78.7,50651.52,17,0,0,74.9
60.7,91.6,98876.18,23,0,0,88.1
82.8,93.9,39927.8,22,0,0,84.6
70.9,87.3,92307.38,24,0,0,85.6
50.9,79.4,33572.93,22,0,1,96.3
73.3,90.5,81420.05,30,0,0,79.6
70.9,80.7,46632.71,25,0,0,87.2
38.1,71.1,93509.44,37,0,0,73.2
55.2,95.9,17668.52,38,1,1,84.4
67.9,89.4,40472.25,38,0,1,100.0
86.7,59.0,107383.57,36,0,0,81.4
75.5,61.2,54126.45,22,0,0,79.4
56.5,83.2,25575.02,32,0,0,75.3
54.4,78.7,42045.43,21,1,0,53.3
77.0,97.4,72532.66,17,0,0,97.8
28.6,98.3,39916.46,22,0,1,95.5
52.9,92.4,106993.81,19,0,0,75.4
86.1,77.5,103006.81,19,0,0,99.3
69.5,77.4,83604.88,33,0,0,87.0
53.6,71.4,100249.78,31,0,0,81.4
47.0,85.4,46277.43,28,0,0,61.4
77.6,89.8,125940.09,32,0,0,90.6
66.2,98.8,102520.22,16,0,0,91.3
61.7,85.5,56137.61,37,0,0,76.5
70.6,94.8,26549.7,32,0,0,89.9
67.5,69.3,18336.15,21,0,1,89.1
66.3,87.6,98207.24,31,0,0,81.9
45.1,54.9,26754.77,32,0,1,80.4
49.6,85.1,37772.97,30,0,0,69.3
76.2,83.6,76003.97,37,0,0,85.7
73.4,89.9,31260.77,21,0,0,78.4
70.7,90.8,202231.32,32,0,0,98.3
56.2,72.2,67421.84,26,0,0,74.6
76.5,78.7,125372.74,30,0,0,86.9
59.4,80.8,100840.32,28,0,0,73.4
84.5,68.9,16831.66,21,0,1,99.0
53.8,93.4,86875.17,39,0,1,100.0
57.1,72.7,59393.02,22,0,1,97.5
62.7,85.7,58032.92,28,0,0,76.9
77.7,78.6,59118.56,36,0,0,83.6
64.5,80.4,101453.63,34,0,0,82.4
65.6,82.0,136309.69,28,0,0,83.7
59.1,67.3,32989.32,17,0,0,72.6
69.0,78.7,62233.66,22,0,1,90.1
63.9,93.0,120687.77,33,0,0,83.5
53.2,88.8,53975.98,26,0,0,79.4
66.9,97.4,66269.86,25,0,0,87.4
67.3,54.3,66745.53,35,0,1,94.5
100.0,92.7,172367.69,25,0,0,100.0
55.8,59.7,87044.94,17,0,0,70.8
52.4,68.1,168604.35,23,0,0,72.7
69.2,60.6,143171.57,25,0,0,86.5
50.1,67.2,53448.78,37,0,0,67.6
48.9,68.2,69591.01,33,0,0,75.4
43.4,55.1,167054.89,24,0,0,68.0
53.4,80.0,33831.09,37,0,0,66.5
53.8,80.3,87601.74,30,0,0,80.0
45.8,78.6,88043.61,18,0,0,74.7
61.2,84.6,52145.83,15,0,0,70.1
29.5,75.6,49502.9,18,0,0,61.8
72.4,93.1,53018.45,22,0,0,93.9
56.6,97.3,85069.46,30,0,0,76.5
58.9,78.5,125051.66,20,0,0,87.4
73.8,88.0,86639.15,15,0,0,92.5
70.6,71.0,31924.06,30,0,1,88.5
55.6,75.6,127125.12,15,0,0,73.3
71.8,64.6,108712.68,34,1,0,75.6
88.2,89.9,52955.08,30,0,0,98.8
49.8,96.4,43163.98,36,0,0,68.2
76.3,74.4,38021.6,18,0,0,76.8
48.3,88.6,102453.94,39,0,0,62.3
82.6,99.6,23395.74,16,0,0,90.9
54.3,52.7,103718.43,28,0,0,67.0
53.7,84.8,47778.7,20,0,0,67.9
82.2,87.1,69040.79,37,0,1,100.0
75.8,58.2,10821.72,34,0,0,78.7
54.8,77.1,24669.7,26,0,0,71.6
66.9,98.7,42630.06,19,0,1,98.6
54.4,71.8,37941.61,28,0,1,89.8
41.1,94.1,87484.08,19,0,0,71.9
67.8,83.7,69675.27,32,0,0,79.5
59.7,77.7,157476.53,30,0,0,84.0
50.8,96.0,77394.07,35,0,0,80.1
84.6,77.3,43258.95,30,0,0,89.3
51.3,76.9,110378.79,24,1,0,76.9
67.2,94.8,47499.21,25,0,0,88.0
81.2,92.3,46154.78,35,0,0,88.0
61.2,84.7,59937.73,19,0,0,78.8
54.0,92.3,134537.21,18,0,0,82.6
69.5,88.8,101267.96,34,0,0,93.3
71.8,85.3,99701.89,21,1,0,72.2
78.1,89.8,159572.93,20,0,0,98.2
93.1,96.6,98527.34,29,0,0,100.0
58.1,83.2,32395.44,29,0,0,74.6
67.9,68.6,78367.25,38,0,0,86.1
46.0,71.6,134804.26,31,1,0,60.3
75.0,74.4,28025.99,24,0,0,72.5
67.8,80.6,59415.77,32,0,0,82.1
62.3,95.6,35104.14,25,1,1,91.2
55.7,59.0,63846.37,32,0,0,70.8
59.8,92.7,105621.56,16,0,0,81.5
68.5,84.3,117168.48,17,0,0,91.2
50.5,72.1,54606.41,20,0,1,87.0
60.4,92.7,83340.83,17,0,0,84.9
65.3,81.5,28225.14,21,0,1,92.5
41.9,69.8,24978.58,17,1,1,84.5
49.2,88.4,104798.81,29,0,0,66.0
55.1,89.0,13184.09,27,0,0,60.6
88.5,86.3,42460.82,20,0,0,96.0
52.5,71.1,83990.04,16,0,0,65.2
64.2,88.9,66856.96,16,0,0,82.2
49.4,93.6,14499.73,33,0,1,84.2
53.4,77.5,77872.57,22,0,0,79.8
43.4,47.1,38923.59,23,0,0,57.3
75.1,71.7,63602.48,16,0,0,81.6
45.1,51.8,43826.78,21,0,1,89.1
78.6,78.7,42357.73,31,0,0,87.3
72.0,72.8,24347.51,29,0,0,71.7
63.9,74.9,50035.39,18,0,0,66.9
79.1,71.7,111089.82,36,0,0,95.9
100.0,65.9,48469.11,37,0,0,96.0
72.2,66.1,49583.07,27,0,0,83.1
48.2,72.8,42097.58,17,0,0,71.9
87.3,91.4,31474.76,26,0,1,100.0
67.8,89.4,36355.79,17,0,0,82.0
96.7,79.6,66888.96,35,0,0,96.6
57.4,63.6,204766.09,33,0,0,86.5
84.2,81.5,97515.78,23,0,0,92.7
65.0,83.4,81635.47,30,0,0,87.5
100.0,78.0,162064.23,32,0,0,100.0
60.8,67.9,75656.92,30,0,0,82.0
100.0,87.3,102468.83,26,0,0,100.0
71.6,69.1,66633.48,21,0,0,81.8
77.7,82.1,75057.6,37,0,0,86.4
90.5,72.4,29606.43,33,0,1,100.0
53.2,75.6,51277.89,38,0,0,62.5
79.5,91.7,45208.4,26,0,0,78.8
60.6,87.5,44025.21,25,0,0,74.8
67.3,82.4,42751.95,26,0,0,78.0
66.2,64.7,122455.78,33,1,0,77.2
73.6,92.3,49797.96,35,0,0,91.1
73.0,42.5,55701.96,31,0,0,74.1
56.4,65.5,185789.59,29,0,0,80.6
66.9,97.1,88232.35,24,0,0,74.0
30.0,87.4,60112.94,18,0,0,71.5
79.9,84.4,101640.23,32,0,0,94.9
90.4,64.1,42849.28,27,1,0,85.3
67.9,92.3,48420.12,19,0,0,87.7
40.9,92.9,49969.54,34,1,0,45.8
76.1,74.3,67831.2,34,0,0,81.5
53.5,82.1,75610.98,18,0,0,74.3
67.7,86.8,37249.46,30,0,0,77.9
75.3,63.3,73386.43,35,0,0,85.9
73.2,75.7,81001.82,39,0,0,76.6
81.2,80.8,47389.22,39,0,0,83.7
67.2,85.8,55118.26,34,0,0,79.6
67.6,68.4,33912.01,23,0,0,70.6
76.1,61.8,28156.76,38,0,0,81.8
63.9,77.8,33739.99,35,0,0,75.2
54.7,92.1,85846.71,38,0,0,82.1
71.8,96.5,77769.88,21,0,0,98.2
48.1,84.0,156964.06,32,0,0,77.3
63.8,85.6,61031.06,24,0,0,83.4
44.3,81.9,61442.37,29,0,0,56.7
56.7,65.4,70867.85,38,0,0,63.1
57.3,81.7,35119.8,23,0,1,92.1
50.2,54.0,94061.34,32,0,0,65.6
81.5,53.3,72478.29,25,0,0,92.4
80.3,78.9,37284.01,26,0,0,88.2
84.7,72.6,72101.96,16,1,0,73.8
62.2,85.8,87485.75,23,0,0,82.5
58.5,72.1,30769.25,31,0,0,67.2
77.1,70.4,101585.11,17,0,0,95.5
66.9,85.5,47804.68,28,0,0,78.2
66.9,92.0,12898.12,17,0,1,93.1
26.8,67.0,97341.61,20,0,0,52.3
76.3,57.4,117168.38,25,0,0,80.8
74.4,84.4,34140.07,37,0,0,77.3
64.9,89.5,25964.74,17,0,0,82.6
77.2,98.1,116300.11,29,0,0,100.0
74.0,95.1,43972.48,22,0,0,93.8
54.5,85.2,117294.28,16,0,0,82.3
61.7,95.9,24441.04,25,0,0,72.3
49.9,96.0,120882.96,28,0,0,72.3
86.9,65.9,102403.5,17,0,0,95.1
79.7,81.1,78455.1,24,0,0,84.4
52.8,98.3,21979.62,32,0,1,99.9
74.3,87.2,49950.94,32,0,1,100.0
69.2,79.5,99087.28,26,0,0,84.8
54.7,96.3,25758.0,36,0,1,91.3
66.9,55.5,46111.9,33,0,1,89.2
77.9,83.9,73000.71,33,0,0,93.0
79.1,83.9,33540.65,23,0,1,100.0
100.0,90.8,114720.17,15,0,0,100.0
66.4,82.8,103912.42,39,0,0,84.6
61.4,80.4,67581.9,26,0,0,76.0
73.4,80.9,74385.24,16,0,0,84.1
62.3,71.7,45695.86,16,0,0,73.0
56.2,52.2,80406.8,19,0,0,69.5
51.1,84.1,44406.46,36,0,0,53.9
13.6,76.2,54263.62,38,0,0,47.8
76.0,57.1,46807.35,15,0,0,83.6
40.4,85.6,122732.54,26,1,0,55.8
51.8,77.4,109483.52,19,0,0,67.8
69.4,77.5,36253.0,28,0,0,85.2
60.2,76.8,116869.39,22,0,0,91.7
97.2,70.6,40174.63,25,1,0,83.6
42.4,60.3,151211.53,32,0,0,75.0
98.6,85.8,131330.89,24,0,0,100.0
85.7,87.0,179223.01,23,0,0,100.0
78.6,88.5,69318.88,29,0,0,86.9
86.6,86.7,52039.37,24,0,0,95.9
71.1,80.4,51463.0,18,0,0,83.7
39.5,56.0,72228.57,25,0,0,66.6
72.7,92.1,36061.87,37,0,0,80.3
42.8,82.2,17947.09,31,0,1,84.5
57.1,90.1,49029.03,32,0,0,78.0
63.8,82.9,61112.03,31,0,0,80.2
51.3,76.2,79044.26,38,0,0,71.9
79.2,80.3,73029.02,15,0,0,96.7
61.8,71.9,64242.08,39,1,1,81.5
71.1,94.0,107445.11,26,0,0,92.6
64.9,90.5,38703.64,37,0,0,73.7
66.9,54.1,42786.92,29,0,0,68.0
51.7,61.0,171886.09,35,0,0,75.1
47.4,93.2,12186.88,31,0,1,87.5
62.7,74.6,104769.28,34,0,0,82.0
50.5,71.1,79356.44,17,0,0,69.6
85.9,88.8,59832.74,21,1,0,87.3
44.4,85.4,93721.73,15,0,0,76.0
100.0,43.8,85754.71,34,0,0,100.0
69.5,68.1,28864.0,25,0,1,89.8
66.0,87.1,36792.14,19,0,0,75.1
56.9,90.6,47082.61,17,0,0,75.8
74.9,80.6,20730.71,35,0,1,87.7
61.9,87.8,59616.02,34,0,0,88.4
69.5,78.5,82351.87,35,0,0,80.5
77.6,94.8,107244.46,23,0,0,90.0
75.0,78.3,62254.42,38,0,0,83.5
83.6,78.4,41159.7,22,0,0,88.2
73.1,82.8,66970.16,16,1,0,76.7
50.7,98.5,57563.04,33,0,0,74.9
33.8,84.5,88657.92,30,0,0,58.2
68.2,88.4,58530.85,30,0,0,83.2
68.4,75.7,93407.57,18,0,0,82.3
93.9,88.7,52537.87,24,0,0,94.7
63.3,81.0,114132.26,31,1,0,77.1
70.6,77.4,65432.36,39,0,0,72.5
76.7,84.2,44402.73,29,1,0,78.0
72.7,75.4,50687.39,32,0,0,89.5
77.7,86.6,86122.1,16,0,0,92.9
52.7,91.3,31717.94,22,0,1,100.0
50.4,83.6,56118.89,24,0,0,73.8
60.8,86.0,102191.44,39,0,0,78.6
32.4,64.3,77531.73,15,0,0,54.6
64.4,92.4,33677.8,32,0,0,76.7
55.1,82.5,69955.9,30,1,1,88.2
69.8,78.4,30607.42,24,0,1,92.9
61.0,69.6,65727.38,19,0,0,79.0
49.8,94.3,119362.92,23,0,0,71.7
84.7,89.4,62112.35,24,0,0,87.0
66.2,69.6,33997.56,19,0,0,76.2
77.9,94.5,54420.99,21,0,0,85.8
67.8,59.1,65988.36,20,0,0,76.2
72.0,48.1,103368.21,28,0,0,74.0
44.6,44.2,102905.27,36,0,0,60.7
84.2,86.5,34730.78,32,0,1,99.8
78.2,96.2,50917.19,27,0,0,85.4
64.7,88.0,72899.3,24,0,0,83.3
69.3,74.7,44250.21,28,0,0,72.9
80.0,79.0,76817.8,22,0,0,96.4
59.4,82.7,30515.33,36,0,0,73.1
41.3,79.1,68234.26,28,0,0,61.3
59.7,96.5,100073.53,18,0,0,68.2
67.3,94.2,61511.24,37,0,0,91.5
64.5,67.7,65373.34,23,0,0,79.2
84.8,70.3,91322.66,37,0,0,95.8
50.6,81.2,47951.62,20,0,0,72.7
52.5,63.2,81717.0,16,0,1,94.7
49.1,96.2,58966.2,17,0,0,74.3
71.4,82.1,38023.3,37,0,1,97.0
42.1,98.4,94009.98,25,1,1,89.4
76.2,40.5,120627.49,31,0,0,86.9
51.0,89.0,106858.52,15,0,0,82.0
53.4,89.5,94007.31,17,0,0,79.6
91.6,82.9,77290.29,28,0,0,100.0
83.5,97.1,71788.05,25,0,0,99.0
66.8,75.5,57130.31,35,1,1,86.2
45.3,78.6,42988.55,30,0,0,61.2
95.2,59.4,21312.58,28,0,0,92.6
62.1,79.4,27345.88,33,0,0,69.1
68.7,92.7,60312.14,23,0,0,85.7
78.7,72.2,31628.17,37,0,0,76.4
35.6,79.5,73647.56,16,0,0,61.9
55.4,70.9,143443.18,24,0,0,66.4
64.0,94.1,11936.39,17,0,0,73.7
67.0,88.2,36818.38,29,0,0,79.4
45.4,72.1,178606.31,26,0,0,73.2
69.9,85.1,90863.39,33,0,0,76.2
65.5,88.5,56622.81,23,1,0,66.5
90.0,90.0,45892.42,28,1,0,82.3
80.0,96.4,80250.41,29,0,0,94.9
61.0,80.8,97694.69,37,0,0,78.6
62.1,92.9,31739.15,25,0,0,71.8
80.2,80.1,126234.6,25,0,0,99.7
69.3,83.3,73074.25,17,0,0,92.5
44.4,88.3,95709.35,25,0,0,67.7
96.4,91.1,99907.38,15,0,0,100.0
50.2,80.4,69991.94,18,0,0,70.0
100.0,79.0,74810.64,35,0,0,100.0
71.4,74.0,77565.22,39,0,0,88.1
55.5,82.0,50083.64,34,0,1,96.5
29.5,80.6,82804.05,24,0,0,58.1
76.7,88.2,52586.79,32,0,0,92.0
41.7,89.7,59893.84,15,0,0,70.2
70.4,84.1,130869.42,35,0,0,87.9
94.0,93.3,58804.94,17,0,0,95.7
47.9,93.2,73626.04,39,0,0,69.9
76.1,90.1,54864.0,17,0,0,91.2
52.8,87.1,49865.6,33,0,0,68.9
82.0,75.8,157055.74,32,0,0,98.2
66.0,51.1,28790.22,27,0,0,67.4
64.7,93.4,61454.47,17,0,0,86.5
83.1,85.4,32829.76,39,0,1,95.4
74.4,90.2,112105.59,37,0,0,100.0
52.9,82.4,58058.72,32,0,0,72.0
91.8,76.3,47362.85,33,0,0,88.5
42.0,50.9,23920.57,22,0,1,74.6
69.1,72.7,131681.24,28,0,0,81.3
52.7,93.2,30825.5,38,0,1,94.2
42.7,74.4,76372.59,15,1,0,58.2
48.0,40.2,95405.29,15,0,0,66.5
64.3,96.4,177539.54,22,0,0,95.5
70.2,61.1,45450.1,26,0,1,88.7
80.9,79.5,39036.73,22,0,0,84.7
87.1,68.1,48356.81,25,0,0,79.0
69.2,60.1,44615.18,28,0,0,84.9
58.4,73.4,23346.23,32,0,0,62.0
80.6,59.8,135635.43,26,0,0,88.3
55.8,81.5,48580.37,22,0,0,71.4
41.1,70.1,55279.8,15,0,1,85.7
79.1,67.1,81938.86,35,0,0,86.0
84.9,72.0,119736.4,24,1,0,87.2
52.7,77.7,33513.94,19,0,0,78.6
94.4,92.2,71597.08,28,0,0,100.0
73.7,82.6,32601.31,22,0,0,76.4
71.5,95.0,70744.08,38,0,0,92.9
57.2,71.9,69293.55,26,0,0,80.3
80.3,75.9,47263.52,18,1,0,77.9
42.1,76.3,67287.37,32,0,0,67.0
59.9,76.0,67906.95,29,0,0,71.6
54.0,57.9,57478.17,20,0,0,72.9
45.4,93.2,54051.93,25,0,1,85.4
77.9,89.7,30267.01,27,0,0,81.7
70.1,88.2,34705.12,34,0,1,99.3
77.1,73.6,44041.49,16,0,0,88.8
60.8,87.4,36158.27,23,0,0,70.8
79.8,88.0,44952.24,23,0,0,85.7
66.2,85.0,57637.09,37,0,0,77.0
57.9,76.6,62575.24,16,0,0,80.0
55.4,74.4,79287.74,17,0,0,72.5
35.3,78.1,64759.89,39,0,0,57.8
82.5,94.1,63545.02,38,0,0,97.5
80.8,79.3,78292.19,24,0,0,82.6
100.0,87.7,37856.43,32,0,1,100.0
60.0,89.9,39473.22,35,0,0,61.9
55.0,70.2,49681.83,32,0,1,76.5
39.5,72.4,42251.62,15,0,1,79.9
79.4,76.5,24920.98,39,0,0,72.9
75.9,93.9,79857.05,29,0,0,83.3
88.3,83.6,36346.05,27,1,0,70.3
51.3,75.0,148123.72,29,0,0,76.1
75.7,68.6,65035.19,37,0,0,85.3
57.2,97.1,28258.15,18,0,0,74.5
85.2,94.4,83572.24,33,0,0,99.7
73.0,65.6,60878.71,17,0,0,74.8
41.7,71.7,69250.85,27,0,0,72.3
63.0,77.3,46686.8,21,0,0,75.4
35.8,94.8,37585.63,39,0,1,77.0
47.6,82.9,28835.56,26,0,0,64.9
48.5,86.6,31539.61,37,0,0,67.7
55.4,98.6,30210.66,16,0,0,78.4
61.1,76.3,50076.12,30,0,0,80.3
67.5,66.4,58348.93,36,0,0,76.5
66.7,68.8,27624.54,22,1,0,64.0
64.6,81.2,94027.16,37,0,0,82.5
70.0,85.9,64268.34,26,0,0,89.3
46.3,73.1,201502.79,16,0,0,77.3
66.1,72.7,48895.99,30,0,0,71.9
86.5,58.8,182861.75,37,0,0,97.8
62.5,88.1,86941.66,29,0,0,86.5
72.4,87.9,22478.81,23,0,0,78.3
71.0,83.0,33013.26,29,0,0,83.3
77.9,91.3,70191.0,17,0,0,92.4
69.3,80.7,24989.33,25,0,1,91.7
77.7,56.0,38248.96,33,0,0,75.3
72.6,74.2,27006.46,29,0,0,79.9
74.9,74.3,174443.45,35,0,0,87.9
71.6,94.6,103705.87,39,0,0,95.1
49.9,82.4,50539.4,15,0,0,77.5
47.4,79.1,127542.02,21,0,0,74.1
59.7,67.6,112302.8,37,0,0,86.6
88.3,81.7,115285.84,18,1,0,90.3
62.4,72.6,45267.04,36,0,0,70.4
69.6,81.6,51305.7,15,1,0,69.8
35.5,87.8,34603.28,34,0,1,80.8
67.9,85.1,56564.84,25,0,0,78.3
66.3,93.7,39883.63,33,0,0,75.1
24.9,93.5,34994.12,26,0,1,85.0
69.4,77.6,105429.6,35,0,0,83.2
40.2,74.5,83767.94,22,0,0,55.8
54.1,92.4,38514.62,27,0,0,84.4
79.9,45.3,96059.86,19,0,0,88.0
67.4,77.4,69871.21,15,0,0,72.0
58.3,74.5,51139.78,32,0,0,64.5
57.0,91.8,132638.2,16,0,0,75.9
58.7,88.5,69751.3,23,0,1,96.4
67.4,78.4,145620.69,27,0,0,90.2
47.0,82.1,79455.49,27,0,1,91.7
81.9,72.4,82945.26,37,0,0,85.7
47.8,79.4,34963.99,29,0,1,82.6
39.1,80.6,45317.48,34,0,0,61.5
79.9,90.2,124086.23,23,0,0,93.0
58.4,71.7,107041.12,29,1,1,90.7
66.1,59.8,50052.79,39,1,0,66.6
74.8,70.3,30440.56,21,0,1,91.8
54.2,73.7,137294.97,25,0,0,85.4
67.1,68.5,102060.53,39,0,0,73.4
74.7,67.8,33785.52,39,0,0,75.6
89.6,81.2,33783.44,37,0,0,89.7
57.3,69.5,149758.02,19,0,0,74.7
58.1,92.2,46452.78,23,1,1,89.8
73.4,84.5,46867.63,28,0,1,100.0
68.1,79.0,42605.46,33,0,0,71.3
62.9,78.3,71520.18,29,0,0,74.2
88.9,89.5,29728.53,30,0,0,87.9
39.8,91.0,67426.81,34,0,0,57.6
43.7,70.5,29632.63,29,0,0,61.6
39.9,90.7,29737.03,36,0,1,82.4
83.0,84.9,30247.92,37,0,0,81.5
72.7,59.1,30835.22,29,0,1,89.6
44.4,54.3,85920.87,38,0,1,83.3
63.2,96.1,85934.92,18,0,0,72.7
64.6,84.4,55196.16,39,0,0,77.0
31.9,87.4,43661.37,33,0,1,77.4
67.8,73.6,119479.34,33,0,0,75.4
47.3,82.9,84746.51,19,0,0,75.0
75.6,95.7,33211.69,16,0,0,82.3
47.8,99.8,71344.82,15,0,0,82.6
68.3,88.8,69528.58,23,0,0,83.7
84.4,66.7,85752.92,22,0,0,90.4
79.6,91.8,236689.37,26,0,0,100.0
72.6,80.4,39766.65,17,1,0,80.9
63.8,87.8,79000.67,35,0,0,77.2
42.5,62.9,126501.54,22,0,0,74.5
58.4,82.6,141368.01,32,0,0,80.6
61.6,66.2,65530.75,37,0,0,71.5
60.5,76.5,31137.82,23,1,1,84.7
42.0,75.1,24405.2,18,0,1,81.4
71.5,70.8,90511.66,30,0,0,81.6
47.3,55.5,71058.91,32,0,0,56.0
88.2,78.2,63835.47,39,0,0,90.7
67.2,67.2,68962.82,24,0,0,76.6
79.7,84.1,97661.04,31,0,0,96.7
79.4,94.8,78682.16,36,0,0,90.5
96.2,85.7,72644.12,22,0,0,91.0
67.7,76.5,44498.41,16,0,0,76.7
59.1,49.5,100683.73,24,0,0,75.8
59.4,84.0,44862.15,26,0,1,84.8
87.4,86.7,97136.57,21,0,0,87.0
45.2,71.4,49201.17,21,0,0,66.7
51.8,82.6,80395.59,27,0,0,77.7
68.6,94.2,144611.49,33,1,0,84.7
62.7,87.4,83306.88,24,0,0,86.1
79.5,95.2,121561.42,34,0,0,90.4
44.9,89.0,49725.99,38,0,1,88.2
64.0,92.7,62823.24,20,0,0,83.0
62.2,82.3,50145.95,27,0,0,81.8
48.9,89.8,26111.99,32,0,1,91.9
78.2,64.6,102166.09,30,0,0,90.6
63.6,51.3,79573.7,36,0,0,69.8
63.0,90.7,76800.08,21,0,0,72.4
52.6,85.3,110844.43,22,0,0,67.3
59.5,77.0,33938.12,22,0,0,75.0
49.7,93.6,30101.11,30,0,0,72.7
78.0,82.2,111377.83,22,0,0,88.5
80.5,87.7,57804.93,29,0,0,92.1
90.2,91.6,66664.33,22,0,0,99.5
71.5,97.7,28751.61,20,0,1,93.6
59.9,94.8,124999.18,15,0,0,91.5
58.0,69.3,83753.04,30,0,0,75.6
72.4,91.3,44900.3,27,0,1,88.9
68.0,78.5,169880.59,18,1,0,79.4
62.4,42.6,30280.72,32,0,0,70.8
61.1,78.1,50781.71,21,0,0,71.4
82.6,84.0,98074.3,15,0,0,99.9
58.5,51.3,106578.66,19,0,0,80.2
85.2,98.5,28379.8,22,0,1,100.0
67.7,91.0,51964.48,18,0,0,77.0
59.5,96.3,86933.53,21,0,0,84.8
53.2,45.9,125057.64,30,0,0,73.1
62.7,98.3,119905.83,19,1,0,80.2
72.6,93.9,84983.92,31,0,0,87.0
59.3,80.8,62620.2,25,0,0,82.7
77.8,92.0,54737.93,32,0,0,91.8
58.6,53.8,76807.68,19,0,0,69.5
63.1,88.9,122640.14,37,0,0,87.7
45.7,75.7,53797.89,37,0,0,65.0
73.4,57.4,52230.12,39,0,0,69.6
61.0,79.6,106151.94,17,0,0,73.9
88.7,82.8,101803.99,34,0,0,96.4
75.6,71.4,46632.47,17,0,0,79.7
66.3,79.5,30965.26,26,0,0,71.0
83.4,97.1,25419.66,38,0,0,86.1
71.1,65.4,63900.53,29,0,0,82.0
80.1,79.5,34465.06,23,0,0,86.6
52.1,87.2,93725.95,28,0,0,75.2
71.9,73.3,25377.86,22,0,0,70.0
72.5,80.1,134163.58,32,0,0,80.4
41.8,97.0,50594.69,24,0,0,73.8
87.6,85.1,40160.3,31,0,0,90.1
47.6,86.7,45680.26,29,0,0,71.6
45.5,85.3,38855.94,35,1,1,81.3
22.3,74.8,127688.9,16,0,0,55.8
72.1,97.5,83768.72,17,0,0,87.4
40.4,96.9,62844.94,23,0,0,73.4
57.2,72.5,32812.35,33,0,0,71.8
77.6,74.5,58248.79,31,0,0,80.3
67.9,78.8,40728.72,39,0,0,81.1
55.6,91.9,16067.03,16,0,1,86.8
41.1,83.7,42327.7,20,0,0,65.6
63.4,88.5,81033.66,25,0,0,73.1
77.8,95.2,48384.28,25,0,0,87.1
75.5,92.9,55687.18,37,0,0,87.0
91.8,73.0,100760.03,23,0,0,94.6
55.2,79.6,92131.82,30,0,0,79.1
45.2,68.0,159605.21,38,0,0,66.9
69.6,69.5,19994.76,36,0,1,93.9
68.2,63.5,39295.14,34,1,0,65.8
64.9,91.7,94284.38,34,0,0,79.5
53.8,82.2,74287.48,28,0,0,65.2
25.2,69.5,62927.16,34,0,0,59.8
49.9,89.3,44249.72,25,0,1,89.6
73.4,86.7,67052.14,24,0,0,82.9
69.3,80.5,65149.73,16,0,0,80.6
79.5,82.7,23718.35,21,0,1,93.7
70.2,77.4,66623.78,15,0,0,86.0
76.0,92.2,46234.65,19,0,0,87.4
76.5,59.1,91174.65,29,0,0,76.9
65.3,55.3,71134.53,25,0,0,75.1
65.4,80.4,159205.75,34,0,0,81.3
21.4,76.7,59871.94,32,1,1,75.6
55.2,87.5,34694.78,23,0,0,67.9
55.8,84.1,17251.79,15,0,1,95.2
63.4,84.9,37453.75,34,0,1,100.0
51.0,84.5,72306.96,20,0,0,70.8
79.1,68.6,82160.95,34,0,0,82.1
51.8,91.7,44240.62,24,0,0,64.0
81.5,88.3,48287.85,18,0,1,93.8
50.6,86.3,62004.87,32,0,0,63.1
55.9,59.3,72404.71,26,0,0,67.4
54.8,85.6,99711.95,39,1,0,54.1
57.6,91.4,44632.23,23,0,0,78.7
82.7,90.0,41302.75,31,0,0,91.0
60.1,80.1,164784.89,31,0,0,87.8
60.5,79.8,146036.85,28,0,0,89.9
53.9,74.9,45948.98,38,0,1,81.5
61.1,69.3,106007.97,23,0,0,73.3
68.2,97.8,180295.85,33,0,0,100.0
61.8,99.2,115667.99,27,1,0,72.9
62.7,94.6,40886.09,17,0,1,98.4
80.2,86.9,63095.6,32,0,0,77.9
69.1,81.4,24936.66,23,0,1,99.5
47.7,88.8,36957.6,30,0,1,89.3
63.7,93.6,59417.81,32,0,0,72.2
56.9,76.8,66828.03,21,1,1,95.0
72.8,78.7,42340.72,32,0,0,81.2
66.5,74.3,15125.89,28,0,0,83.2
82.0,80.8,65958.53,24,1,1,87.8
53.9,52.2,86170.73,24,0,1,90.0
62.1,79.5,87821.49,20,1,0,66.9
49.0,57.2,54018.08,17,0,1,83.3
64.4,84.0,55961.5,31,0,0,78.7
42.0,62.3,67727.85,36,0,0,51.8
69.8,57.2,73456.57,16,1,0,79.6
64.2,43.6,57140.89,21,0,0,79.5
67.3,67.4,18741.75,26,0,0,74.3
76.8,78.0,120393.86,39,0,0,83.2
68.4,79.6,47468.95,15,0,1,95.1
45.8,88.1,32469.3,34,0,1,87.0
56.7,62.2,49202.9,19,0,0,66.0
63.8,66.7,63312.82,27,0,0,79.5
60.1,83.4,44154.9,39,0,0,74.0
61.9,71.3,45705.8,33,0,0,72.3
89.3,80.4,50903.26,20,0,0,96.7
66.5,83.5,71747.33,19,1,0,63.3
70.7,69.9,40155.13,19,0,1,90.4
34.9,77.6,70878.42,32,0,1,82.8
76.2,87.6,30027.25,24,0,0,80.1
100.0,70.6,163234.44,35,0,0,99.8
85.2,82.7,102350.45,33,0,0,88.8
58.4,70.5,52191.0,16,1,1,86.0
99.2,85.9,70783.06,25,0,0,100.0
65.4,86.3,33386.79,36,0,0,87.8
69.6,81.9,79293.45,15,0,0,90.0
61.0,81.7,91372.91,20,0,0,74.5
60.6,89.3,68402.43,28,0,0,84.4
31.3,69.2,94008.66,38,0,0,58.5
76.8,83.7,59664.0,17,0,0,86.4
60.5,70.9,56914.66,21,0,0,70.7
62.2,78.1,43047.78,29,0,0,66.4
69.1,96.3,79059.17,33,1,0,75.4
58.8,75.6,39407.87,36,0,0,64.3
69.0,73.2,73657.37,21,0,0,79.8
83.0,90.2,69676.01,17,0,0,98.9
71.1,78.0,117241.55,25,0,0,92.6
62.7,97.4,80157.72,19,0,0,82.0
63.1,59.5,24874.51,28,0,1,91.9
68.0,85.2,42969.27,17,0,0,81.8
52.5,82.6,42414.98,18,0,1,97.5
68.1,56.1,41525.29,19,0,0,68.4
75.3,58.3,97080.96,37,0,0,82.2
66.3,68.1,19896.92,18,0,1,87.9
58.6,92.6,122054.95,18,0,0,86.1
60.7,72.3,98643.48,16,0,0,80.9
74.8,75.9,65701.52,19,0,0,84.7
48.5,85.0,71296.29,17,0,0,82.7
52.8,54.9,62162.38,28,0,0,60.3
40.9,87.6,64814.93,18,0,0,62.4
65.5,68.1,105153.0,30,0,0,85.3
77.9,90.8,53538.06,38,0,0,88.4
85.0,81.3,80835.35,18,0,0,89.2
88.2,72.4,38730.17,20,0,1,100.0
54.6,71.6,78140.89,33,0,0,71.8
68.8,87.1,52241.44,31,0,0,81.1
59.0,88.3,74160.93,18,0,0,75.7
89.7,94.8,38859.76,36,0,0,95.3
84.6,75.6,74953.48,39,0,0,83.5
67.5,83.0,58490.21,35,1,0,65.5
55.7,77.8,130931.15,26,0,0,83.9
13.3,69.2,68150.6,21,0,1,60.7
43.5,78.8,76620.21,30,0,0,63.5
37.2,92.6,48013.6,28,0,0,65.7
43.3,80.4,69985.65,27,0,0,73.6
93.2,77.3,75887.3,25,0,0,97.3
45.6,74.6,50155.31,25,0,0,68.9
49.1,95.3,48237.04,15,0,0,75.0
51.2,52.0,40002.16,22,0,0,59.4
100.0,77.3,57640.12,27,0,0,96.5
64.1,82.1,43192.43,18,1,1,90.0
79.9,85.7,69295.03,38,0,0,98.1
67.6,60.2,40327.84,39,1,0,64.7
35.2,76.0,56317.13,33,0,0,58.0
88.0,65.2,37314.01,34,0,0,79.5
71.0,83.4,106106.25,20,1,0,75.9
63.2,74.4,60622.72,17,0,1,92.6
91.4,83.7,60352.75,23,0,0,98.6
59.8,75.3,80639.18,33,0,0,72.7
62.8,82.8,145455.06,21,0,0,87.1
59.8,88.3,62351.8,37,0,0,77.0
81.1,87.9,28411.65,25,0,0,87.6
77.2,97.8,108116.82,29,0,0,90.6
69.2,89.2,30374.02,29,0,0,76.8
49.2,82.3,46713.11,35,0,0,68.8
59.4,76.3,108690.51,36,0,0,75.2
49.2,60.6,50634.51,31,0,0,55.0
82.4,87.5,44975.13,29,0,0,89.5
41.4,91.0,68916.49,26,0,0,57.5
88.9,80.0,60164.81,33,0,0,91.3
84.3,53.1,42332.43,17,0,0,78.4
51.2,78.6,92855.38,16,0,0,72.7
58.8,80.6,110634.56,15,0,1,100.0
54.3,56.9,119845.78,39,0,0,75.1
71.5,88.3,78895.58,18,0,0,83.7
86.2,93.5,42170.09,38,0,0,84.1
82.8,88.1,31963.82,21,0,1,92.4
58.5,89.1,18798.96,26,0,1,83.7
83.8,86.0,100363.85,36,1,0,79.3
82.6,71.2,65991.72,31,0,0,81.1
62.2,53.1,48559.35,17,1,0,63.1
64.9,52.0,22773.42,35,1,1,79.6
88.1,80.7,33138.44,31,0,0,97.1
80.9,76.0,24766.6,31,1,0,67.7
83.4,76.6,123124.66,24,0,0,93.4
100.0,86.8,82277.14,29,0,0,93.9
73.2,75.1,31164.3,23,0,0,80.0
69.9,68.3,135609.51,31,0,0,76.4
85.4,77.1,41728.04,18,0,0,83.3
94.8,60.7,71299.16,38,0,0,91.9
55.8,94.3,71382.62,23,0,1,80.8
62.0,75.0,57127.81,20,0,1,89.9
49.7,86.4,51454.54,29,0,0,66.7
70.1,82.8,60900.54,26,0,0,86.3
78.3,78.9,52052.62,38,1,0,76.8
50.8,68.3,67815.75,36,0,0,67.0
82.0,83.7,69174.87,22,0,0,86.6
58.2,50.5,46068.62,37,1,1,77.8
57.0,93.3,103841.67,23,0,0,84.2
81.9,50.6,39398.44,23,0,0,82.3
55.6,86.2,72773.02,32,0,0,81.5
43.9,86.2,50529.43,35,0,0,64.9
76.2,92.3,38773.93,16,0,0,87.3
63.0,61.1,52119.32,36,0,0,65.8
83.0,76.7,43027.12,34,0,0,84.6
77.5,82.2,83230.19,38,0,0,88.1
38.8,78.3,57109.4,24,0,0,61.6
84.7,74.6,118730.26,18,0,0,100.0
93.5,93.0,37208.57,20,1,1,96.1
80.5,97.2,19961.59,26,0,0,85.2
81.1,99.0,72939.05,27,0,0,100.0
61.3,85.7,141679.08,31,1,0,78.4
57.8,79.5,76450.43,34,0,0,75.7
68.2,94.4,37376.43,34,0,1,90.1
78.8,64.4,35901.7,20,0,0,82.6
78.4,87.6,164870.67,29,0,0,97.0
58.4,57.7,49528.81,22,0,1,93.1
56.9,98.1,36045.85,18,0,1,94.7
42.6,53.4,108576.46,18,0,0,73.1
74.7,87.2,55624.74,17,1,0,86.0
59.2,90.3,21727.27,30,0,1,92.4
60.5,95.6,169642.5,22,0,0,92.2
90.9,80.4,80193.94,20,0,0,95.9
74.0,58.9,28117.96,34,1,1,77.8
69.8,93.8,120318.29,27,0,0,82.2
77.5,83.3,35457.26,30,0,0,88.3
86.3,62.2,34405.99,35,0,0,91.2
40.7,86.0,38335.32,32,0,1,81.4
56.5,77.2,157905.77,23,0,0,81.4
61.5,67.7,166492.95,38,0,0,81.9
50.3,91.0,45525.56,16,1,1,82.3
61.0,78.7,140478.47,38,0,0,93.8
41.7,78.3,19081.94,20,0,1,80.4
78.8,77.1,94563.64,28,0,0,95.0
57.2,87.0,118431.04,31,0,0,69.2
68.0,82.8,127162.45,29,0,0,93.2
65.8,71.5,62221.05,34,0,0,87.0
73.4,75.4,79462.37,19,0,0,86.8
28.1,52.3,41833.09,16,1,1,72.9
71.8,73.0,60631.75,26,0,0,86.1
60.9,71.2,55154.42,19,0,0,77.2
71.1,69.8,53591.22,15,0,0,79.7
47.3,73.5,105590.99,16,0,0,68.1
71.2,82.0,66667.62,15,0,0,88.1
84.5,66.4,139606.94,25,0,0,89.4
67.8,90.8,67777.66,16,0,0,87.5
54.2,65.4,179092.25,25,1,0,66.0
54.9,67.1,110592.22,16,0,0,70.3
73.6,78.6,57331.17,21,0,0,73.2
73.5,60.0,65336.01,21,0,0,78.0
70.3,94.4,39340.38,21,0,0,88.3
64.4,91.7,64867.59,16,0,0,85.2
68.0,86.5,36634.31,30,0,1,92.9
64.0,61.4,116446.22,17,0,0,76.3
59.3,91.7,50422.66,16,0,0,85.6
76.4,39.9,71526.56,19,0,0,68.1
69.7,91.2,19136.5,17,0,0,80.2
84.4,67.8,52388.12,20,0,0,81.9
81.8,90.7,49720.34,36,0,0,89.4
69.2,57.1,94888.87,19,0,0,81.2
73.9,98.2,77749.27,32,1,0,83.5
50.6,57.6,99623.55,22,0,0,75.7
63.8,88.5,74706.65,27,0,0,71.1
70.1,85.2,110777.41,36,0,0,82.8
41.3,88.4,73833.28,16,0,0,68.7
71.4,73.2,30088.11,27,0,1,99.0
50.6,91.5,57230.57,31,0,0,74.2
52.3,62.7,58723.59,20,0,0,61.7
57.1,79.8,11700.72,16,1,1,84.4
64.5,77.3,36016.47,34,0,0,78.5
45.1,77.0,166186.83,26,0,0,72.0
77.8,57.4,52194.12,30,0,0,76.8
67.7,92.2,56802.02,18,0,0,80.1
93.9,90.3,20147.34,30,0,0,89.9
69.5,78.6,30527.49,27,0,1,92.8
73.6,80.2,76280.09,28,0,0,84.9
52.2,89.0,47459.21,23,0,1,91.1
47.3,70.6,34391.06,26,0,1,86.2
74.3,67.5,114541.33,28,0,0,85.0
48.6,80.0,42168.51,25,0,0,61.7
74.6,84.5,31242.44,24,0,0,77.7
90.6,77.8,61097.73,21,0,0,96.4
79.2,93.7,39835.76,39,0,0,82.5
73.6,89.4,39810.39,20,0,0,85.9
69.0,62.3,58072.46,31,0,0,79.0
59.2,68.1,43400.06,27,0,0,76.0
63.3,73.2,26017.9,29,0,1,85.0
56.5,78.6,79164.49,38,0,0,69.6
45.3,84.7,92314.96,18,0,0,75.9
65.5,82.3,52823.07,38,0,0,68.0
81.6,89.1,81640.63,17,0,0,96.3
45.7,70.3,49788.9,25,0,0,69.2
86.0,76.9,23040.82,36,0,0,76.5
83.3,74.9,93733.58,34,0,0,91.6
71.0,69.9,56977.23,34,0,0,76.4
71.1,79.1,64569.58,16,0,0,90.8
62.2,90.1,56774.15,25,0,0,87.0
65.6,51.0,54677.75,18,0,0,85.4
58.0,95.8,64281.33,31,0,0,84.8
65.5,85.8,64900.48,31,0,1,100.0
67.1,68.4,112618.99,35,0,0,95.0
93.2,84.1,74538.77,31,0,0,97.8
73.5,98.0,107825.58,27,0,0,94.9
61.9,60.2,127200.64,27,0,0,87.1
63.5,92.9,26750.5,33,0,0,75.6
54.3,76.9,113361.57,17,0,0,73.8
56.8,82.5,82996.09,24,0,0,73.4
78.7,85.5,76435.65,30,0,0,87.4
57.6,78.6,98202.17,34,0,0,76.5
55.7,94.9,52449.21,15,0,0,72.9
56.1,87.3,80926.2,37,1,0,57.1
54.1,74.5,35281.44,34,1,0,63.8
81.9,76.0,29553.98,37,0,0,95.1
67.1,61.1,78107.68,19,0,0,71.2
60.8,79.1,57830.21,15,1,1,83.3
65.4,85.2,59787.06,30,0,0,76.0
68.3,91.3,40182.09,25,1,0,64.5
53.8,78.6,72808.54,18,0,0,71.3
44.2,86.3,48379.43,19,1,0,56.7
85.1,76.3,58496.33,30,0,0,91.8
79.8,96.4,46941.52,26,1,0,77.6
70.7,76.6,40093.52,26,0,1,100.0
78.8,82.9,53986.71,18,0,0,82.6
93.7,80.4,108314.36,37,0,0,96.6
57.0,93.6,47264.65,31,0,0,86.2
48.2,88.8,56200.91,23,0,1,91.6
74.9,85.8,52441.17,20,0,0,87.7
43.0,89.1,43540.44,22,0,0,61.7
65.6,64.9,110704.59,22,0,0,82.1
60.5,54.1,30308.07,39,0,1,84.5
75.1,85.5,57372.01,35,1,0,74.9
57.8,87.0,39271.13,22,0,0,75.5
83.0,78.0,79508.09,22,0,0,97.6
