age,years_education,prior_income,job_training,post_income
40.0,11.0,35173.76,0,50562.96
27.0,11.0,42542.57,0,59017.51
26.0,12.0,24298.97,0,46111.42
29.0,11.0,23835.56,0,43589.1
21.0,14.0,35113.68,0,53639.29
35.0,9.0,14129.97,0,30537.56
31.0,13.0,12824.62,0,41729.77
30.0,12.0,33669.7,0,44778.99
33.0,13.0,36692.17,0,57925.52
18.0,9.0,33338.2,0,58436.5
41.0,14.0,29023.29,0,53395.5
26.0,13.0,24615.52,0,40951.9
27.0,15.0,45875.59,0,66863.96
37.0,10.0,47176.88,0,63919.08
35.0,11.0,31076.15,0,53591.28
46.0,8.0,23162.69,0,47001.45
22.0,10.0,19908.91,0,45546.77
22.0,15.0,34311.85,0,54307.68
20.0,13.0,17715.13,1,41669.95
31.0,11.0,17946.64,0,37065.81
28.0,12.0,25157.5,0,44675.87
24.0,12.0,35071.86,0,56254.67
29.0,8.0,44687.31,0,52906.43
22.0,9.0,32508.01,0,44172.38
42.0,14.0,34966.23,0,60911.6
24.0,13.0,39826.5,0,66239.88
25.0,9.0,38894.14,0,50810.1
11.0,12.0,24480.59,0,45257.82
17.0,11.0,38711.82,0,53862.94
25.0,14.0,40317.97,0,64009.12
28.0,13.0,33107.21,0,55189.38
36.0,10.0,31364.77,0,52168.86
18.0,12.0,35994.45,0,67405.84
34.0,12.0,34950.06,0,71250.22
35.0,12.0,11369.96,0,36702.84
35.0,11.0,34288.45,0,50906.25
38.0,12.0,41791.04,0,64349.76
21.0,10.0,39886.75,0,59368.77
34.0,10.0,33771.5,0,60111.05
44.0,10.0,31480.52,0,42290.65
41.0,10.0,26031.24,0,46914.0
45.0,13.0,28854.91,0,52415.58
32.0,13.0,37273.52,0,55068.34
25.0,15.0,33845.61,0,49566.26
10.0,12.0,39037.41,0,53601.61
20.0,13.0,24807.05,0,50782.81
26.0,12.0,40836.05,0,53699.52
27.0,13.0,23815.54,0,47538.3
24.0,14.0,32027.82,0,56071.31
33.0,13.0,24381.02,0,57429.39
32.0,12.0,29015.56,0,54916.92
30.0,11.0,50338.0,0,66682.0
36.0,13.0,35093.56,0,59440.13
26.0,15.0,32251.88,0,59592.39
39.0,12.0,44119.62,0,66004.08
20.0,11.0,4352.92,0,32699.31
28.0,14.0,28411.91,0,50224.39
33.0,9.0,25002.93,1,56743.97
15.0,11.0,21424.55,0,38801.69
26.0,10.0,14713.51,0,33574.25
36.0,12.0,27809.13,0,48802.43
27.0,14.0,36935.06,0,54505.11
15.0,13.0,28531.21,0,52962.91
23.0,8.0,37989.08,0,45373.15
19.0,11.0,30714.95,0,47015.22
34.0,9.0,41661.7,0,60747.22
31.0,14.0,24972.03,0,50342.38
18.0,11.0,11273.29,0,33145.66
17.0,12.0,14196.49,0,36175.22
24.0,12.0,25022.43,1,52928.55
30.0,12.0,21198.51,0,40407.32
25.0,6.0,24094.99,0,38018.45
33.0,13.0,41386.94,0,61104.66
33.0,11.0,14989.03,1,46678.37
34.0,14.0,45081.36,0,71323.28
19.0,12.0,21942.21,1,48037.59
28.0,13.0,17559.9,0,46541.54
39.0,11.0,28616.3,0,51605.85
25.0,10.0,44990.18,0,60306.16
23.0,14.0,22877.07,0,50702.75
26.0,13.0,23990.29,0,40299.91
26.0,12.0,24658.48,0,49560.74
31.0,12.0,41500.31,0,58407.87
25.0,13.0,25538.27,0,53534.47
14.0,9.0,34462.23,0,46464.19
39.0,14.0,31205.88,0,55459.91
34.0,12.0,28900.03,0,43798.24
31.0,12.0,25013.36,0,49834.66
29.0,11.0,49689.82,0,64676.89
27.0,7.0,57920.6,0,66195.04
24.0,13.0,21165.38,1,49939.74
15.0,10.0,19285.83,0,30077.86
43.0,12.0,30407.79,0,51680.2
30.0,10.0,7269.91,0,31277.52
17.0,11.0,30482.99,0,56445.08
22.0,11.0,50071.86,0,66534.31
32.0,10.0,24010.98,0,47989.5
32.0,12.0,40804.66,0,60956.97
24.0,11.0,44693.45,0,78645.6
21.0,10.0,21384.13,0,45795.96
25.0,14.0,31782.85,0,44691.09
15.0,10.0,33540.77,0,51254.17
26.0,13.0,37288.84,0,63645.63
26.0,13.0,38017.83,0,51752.46
42.0,14.0,41225.0,0,65795.19
26.0,11.0,22178.76,0,41240.68
32.0,12.0,31740.23,0,49126.07
43.0,12.0,44824.14,0,72760.74
21.0,13.0,45904.96,0,60755.23
25.0,12.0,32250.9,0,49046.89
26.0,13.0,24683.78,0,43294.58
17.0,11.0,40352.33,0,51649.64
28.0,14.0,35362.19,0,55373.37
39.0,12.0,35146.36,0,54975.25
37.0,12.0,37757.72,0,53355.56
39.0,13.0,20492.87,0,46828.07
25.0,15.0,38471.31,0,48384.98
21.0,11.0,31545.27,0,50727.0
48.0,14.0,41414.98,0,71702.06
32.0,10.0,30204.68,0,48218.47
17.0,12.0,35834.16,0,55945.64
50.0,10.0,34573.44,0,56903.18
29.0,11.0,24540.55,1,63505.49
6.0,11.0,20982.65,0,43579.38
42.0,13.0,38066.7,0,57844.88
12.0,11.0,21431.33,0,46911.67
32.0,13.0,26639.3,0,62889.32
37.0,11.0,26337.0,0,48281.2
35.0,12.0,33671.17,0,58450.14
42.0,15.0,36757.48,0,67875.42
38.0,11.0,14434.05,0,34086.49
45.0,11.0,22748.56,0,38545.48
29.0,12.0,22277.91,1,50978.98
27.0,12.0,27719.68,0,45367.55
27.0,13.0,10077.65,0,35658.0
41.0,12.0,41338.0,0,68478.42
25.0,12.0,30603.97,0,54775.57
37.0,10.0,28657.09,0,52763.55
23.0,13.0,37549.73,0,56623.95
23.0,13.0,35175.33,0,52227.95
39.0,13.0,35067.4,0,55748.07
33.0,11.0,29843.66,0,60635.57
13.0,12.0,31047.1,0,60649.44
23.0,13.0,38443.09,0,64195.19
9.0,10.0,35320.48,0,48621.51
27.0,8.0,47282.76,0,56071.2
28.0,10.0,31401.38,0,64071.39
26.0,11.0,36506.96,0,57434.18
40.0,14.0,28770.12,0,57250.57
33.0,16.0,33237.1,0,56320.72
50.0,10.0,33758.04,0,60573.67
34.0,12.0,25561.02,0,48096.11
34.0,11.0,23535.65,0,41381.53
32.0,13.0,36411.61,0,56833.96
28.0,13.0,34544.08,0,57779.6
25.0,10.0,44675.77,0,68614.59
28.0,11.0,30045.42,0,42544.16
28.0,12.0,20055.58,0,37261.85
29.0,14.0,30115.26,0,52269.06
35.0,11.0,37695.05,0,53186.13
32.0,9.0,8784.83,0,32417.81
26.0,15.0,29938.27,0,51270.59
24.0,13.0,36663.83,0,57767.98
32.0,10.0,32347.69,0,52748.61
23.0,13.0,26416.61,0,41493.71
27.0,14.0,17973.1,0,42274.72
26.0,12.0,29880.82,0,47248.5
49.0,15.0,17757.0,0,54503.31
20.0,13.0,36730.94,0,53058.43
24.0,13.0,30612.51,0,49357.61
26.0,12.0,44949.79,0,58939.96
26.0,12.0,10466.75,0,35772.71
38.0,14.0,26600.31,0,51875.36
28.0,12.0,37333.75,0,64569.86
19.0,14.0,41426.62,0,60770.06
41.0,13.0,37738.73,0,67831.14
32.0,12.0,20469.22,0,52699.69
33.0,11.0,25187.98,0,46438.51
35.0,11.0,7642.4,0,33682.83
20.0,13.0,30454.27,0,48161.24
30.0,14.0,41632.81,0,57182.9
37.0,13.0,30070.26,0,66171.7
25.0,11.0,35766.88,0,51317.54
32.0,9.0,35500.47,0,49184.63
34.0,13.0,26831.44,0,46510.2
18.0,17.0,5681.48,0,32448.29
22.0,11.0,43409.0,0,59005.5
12.0,11.0,34320.0,0,57086.38
32.0,14.0,17492.68,0,53061.62
45.0,10.0,33708.78,0,45853.97
24.0,15.0,32000.62,0,63423.5
28.0,13.0,43110.88,0,71393.14
38.0,12.0,34720.79,0,54245.13
32.0,10.0,34756.61,0,50127.69
22.0,14.0,31993.29,0,56410.31
42.0,11.0,22302.78,1,49205.19
32.0,13.0,36727.45,0,66605.77
28.0,13.0,29745.82,0,54677.57
29.0,15.0,20472.14,0,42949.56
35.0,12.0,23409.61,0,49452.73
25.0,18.0,18638.43,0,48513.44
43.0,13.0,40596.82,0,54500.36
40.0,12.0,49787.86,0,65201.42
30.0,11.0,41551.62,0,57187.9
30.0,14.0,33762.3,0,58759.2
23.0,11.0,29345.46,1,57221.38
25.0,10.0,27090.65,0,53137.1
21.0,11.0,20137.04,0,37832.22
28.0,12.0,49467.89,0,59453.05
30.0,16.0,19659.77,0,44092.01
17.0,13.0,21505.3,0,39714.77
36.0,11.0,28044.99,0,46207.29
23.0,14.0,28870.8,0,51772.83
33.0,12.0,36020.39,0,61343.34
36.0,15.0,23265.71,0,48434.44
40.0,16.0,10114.07,0,44511.54
39.0,9.0,27685.76,0,53770.64
43.0,7.0,28359.43,0,48535.26
37.0,16.0,27547.25,0,49638.34
31.0,11.0,27414.25,0,47429.76
26.0,9.0,26493.76,0,50143.8
29.0,11.0,16756.22,0,43315.46
43.0,10.0,44622.0,0,59032.93
28.0,10.0,44056.06,0,67270.52
30.0,14.0,43954.26,0,63213.63
42.0,11.0,18144.45,0,38795.1
28.0,9.0,34038.09,0,51461.87
24.0,12.0,25771.54,0,39785.88
39.0,10.0,25227.94,0,51544.25
23.0,12.0,20713.56,0,48471.36
33.0,12.0,55655.62,0,67780.0
32.0,14.0,27512.61,0,51225.48
33.0,11.0,20780.06,0,48476.53
11.0,13.0,31381.77,0,43975.09
36.0,9.0,37631.36,1,55056.68
30.0,14.0,28586.65,0,51386.54
35.0,15.0,32442.58,0,56143.43
34.0,12.0,40018.76,0,60599.83
33.0,10.0,20454.04,0,42706.16
27.0,10.0,31777.91,0,43982.65
27.0,12.0,23609.8,0,38143.97
30.0,14.0,22256.63,0,41559.98
31.0,11.0,47519.73,0,67953.06
27.0,14.0,29106.11,0,57584.74
38.0,10.0,19380.77,0,42265.61
27.0,11.0,28884.67,0,53432.77
22.0,12.0,17905.16,0,37628.28
35.0,12.0,27825.61,0,49809.99
45.0,11.0,23215.16,0,53537.3
21.0,14.0,35109.44,0,59038.81
29.0,15.0,49370.77,0,70703.51
39.0,12.0,28250.74,0,51216.13
35.0,11.0,23590.86,0,40952.42
35.0,11.0,30910.04,0,52948.72
30.0,14.0,44912.98,0,67597.63
9.0,11.0,35163.31,0,61588.42
32.0,9.0,28589.52,0,47966.69
33.0,9.0,9336.06,0,31593.78
39.0,13.0,29476.74,0,56126.01
24.0,9.0,37765.49,0,61521.76
43.0,11.0,39575.22,0,63315.24
28.0,12.0,43108.42,0,61299.2
26.0,9.0,23255.06,0,38542.4
24.0,12.0,25969.52,0,43824.28
38.0,11.0,28797.92,0,55969.0
21.0,8.0,37096.27,0,50669.84
35.0,12.0,27368.67,0,61331.3
24.0,13.0,35248.32,0,56118.17
30.0,12.0,26156.31,0,51664.12
18.0,13.0,22941.59,0,42151.63
36.0,13.0,41097.28,0,58538.7
29.0,13.0,33123.61,0,59538.2
34.0,10.0,37466.43,0,62951.5
29.0,9.0,27937.07,0,42300.89
34.0,10.0,38041.27,0,53279.94
30.0,10.0,19373.3,0,38506.11
36.0,16.0,20965.69,0,53384.68
34.0,10.0,39421.05,0,60592.99
32.0,11.0,29297.6,0,50212.2
23.0,12.0,27534.51,0,44219.27
27.0,11.0,20804.66,0,51269.97
24.0,16.0,38044.71,0,65718.65
41.0,9.0,48653.99,0,55780.99
36.0,16.0,36076.21,0,66763.88
30.0,12.0,25508.67,0,47313.37
26.0,14.0,43867.94,0,61110.36
24.0,12.0,33593.93,0,57483.37
31.0,14.0,25670.11,0,52117.57
45.0,10.0,42756.82,0,63710.86
30.0,9.0,28195.9,0,43359.58
40.0,17.0,15573.17,0,52641.4
32.0,16.0,26823.83,0,47545.02
35.0,10.0,35320.82,0,58919.86
26.0,13.0,22823.42,0,47378.93
28.0,14.0,11276.71,0,38843.21
23.0,13.0,44698.26,0,60993.89
32.0,12.0,59939.05,0,76845.34
28.0,16.0,25245.3,0,44977.66
33.0,13.0,23701.75,0,55085.75
22.0,10.0,16529.08,1,40776.12
34.0,11.0,21788.09,0,41936.98
31.0,10.0,14721.65,1,41923.64
31.0,12.0,16950.26,0,39696.29
33.0,12.0,30022.46,0,58578.49
28.0,14.0,14209.69,0,31831.5
60.0,13.0,15315.73,0,47453.61
34.0,13.0,32070.21,0,63096.08
31.0,13.0,23825.31,0,48292.62
36.0,14.0,33566.73,0,59069.32
26.0,12.0,26579.94,0,47837.37
26.0,7.0,28144.42,0,41597.05
36.0,16.0,37801.06,0,66444.28
37.0,10.0,24513.1,0,46253.2
40.0,13.0,37097.01,0,61679.23
19.0,11.0,25801.52,0,48424.89
29.0,15.0,21792.58,0,50237.7
33.0,10.0,19259.81,0,42496.23
36.0,11.0,13433.26,1,47970.34
34.0,11.0,17595.77,0,46982.03
23.0,13.0,12265.08,0,41482.61
34.0,12.0,20054.9,0,50590.12
33.0,13.0,38210.06,0,66991.24
33.0,12.0,29916.86,0,46664.86
21.0,14.0,26121.24,0,62795.37
23.0,14.0,23087.1,0,47654.57
44.0,15.0,29187.48,0,56063.02
38.0,13.0,30302.09,0,55349.97
29.0,13.0,18849.44,0,36278.4
30.0,16.0,34635.58,0,60339.34
48.0,14.0,26743.67,0,51380.75
30.0,13.0,32968.14,0,55847.73
29.0,9.0,29679.86,0,49492.22
24.0,9.0,15815.96,0,33052.81
28.0,13.0,43008.5,0,54239.99
17.0,13.0,29885.45,0,51892.21
34.0,11.0,26323.03,0,48440.86
40.0,13.0,35825.56,0,60344.79
40.0,10.0,18426.72,0,40840.18
24.0,13.0,14257.13,0,36141.54
12.0,13.0,35565.88,0,52902.17
33.0,13.0,41465.67,0,63594.61
41.0,13.0,32864.16,0,60440.69
17.0,11.0,38057.84,0,51240.52
27.0,12.0,17338.31,0,44805.25
33.0,14.0,26407.26,0,55285.1
23.0,13.0,23419.56,0,48822.83
16.0,13.0,40275.97,0,67583.18
24.0,12.0,34940.67,0,46138.6
25.0,13.0,40311.56,0,70394.64
15.0,14.0,23821.26,0,42688.7
39.0,11.0,18685.21,0,44614.46
42.0,13.0,43290.79,0,66524.65
30.0,12.0,30261.1,0,45113.0
36.0,13.0,40648.81,0,64958.98
18.0,14.0,29350.55,0,55103.02
29.0,9.0,52038.52,0,68611.92
25.0,10.0,41779.96,0,50945.84
33.0,11.0,28399.45,0,43858.43
8.0,11.0,30205.29,0,42900.3
28.0,12.0,30239.88,0,57744.49
35.0,15.0,18639.41,0,47782.33
32.0,14.0,25180.55,0,40879.1
36.0,11.0,24420.23,0,57949.28
25.0,14.0,32325.13,0,62141.69
7.0,12.0,21848.62,0,35441.44
39.0,13.0,28499.28,0,51198.74
36.0,10.0,26338.3,0,46891.95
43.0,9.0,30758.3,0,55091.07
31.0,13.0,44681.06,0,66322.75
33.0,12.0,40954.36,0,58088.67
49.0,13.0,16895.01,0,52843.51
15.0,15.0,29481.61,0,60531.06
34.0,12.0,26971.32,0,49563.73
40.0,12.0,23534.0,0,45447.76
32.0,16.0,51530.21,0,81077.23
31.0,12.0,24732.32,0,36953.64
18.0,10.0,25425.63,0,39888.39
42.0,13.0,47543.89,0,74750.86
39.0,12.0,39690.36,0,67944.96
40.0,10.0,25567.02,0,47262.8
30.0,12.0,37606.05,0,69631.21
27.0,14.0,27605.65,0,39001.83
30.0,10.0,28271.84,0,53762.04
44.0,10.0,21946.17,0,46343.06
28.0,12.0,5669.47,0,29525.71
42.0,10.0,15751.27,0,45160.93
29.0,9.0,18953.94,0,38424.61
23.0,12.0,34190.04,0,48557.48
13.0,14.0,31534.38,0,52693.3
35.0,14.0,40862.33,0,62913.56
36.0,12.0,17966.63,0,39485.63
21.0,15.0,47867.9,0,64152.86
42.0,15.0,46943.54,0,69322.52
19.0,13.0,30354.37,0,42924.49
36.0,11.0,23137.5,0,38457.69
36.0,15.0,23654.97,0,55926.63
39.0,15.0,31981.36,0,51220.4
14.0,13.0,48825.95,0,64325.26
39.0,14.0,29050.8,0,46046.81
29.0,10.0,14179.67,0,45080.13
27.0,8.0,48953.68,0,61135.53
37.0,10.0,25996.14,0,53763.12
38.0,12.0,44537.96,0,76152.67
14.0,12.0,36257.77,0,47231.92
20.0,14.0,28515.71,0,47268.84
40.0,9.0,39659.4,0,63035.02
34.0,9.0,22652.54,0,40785.29
31.0,14.0,27090.43,0,52939.6
22.0,9.0,24692.65,0,43818.08
34.0,11.0,27993.19,0,38840.72
40.0,12.0,35477.51,0,63099.77
49.0,11.0,35402.82,0,58044.25
27.0,13.0,14446.83,0,34176.35
37.0,8.0,24644.6,0,52729.49
45.0,16.0,26371.09,0,52214.13
18.0,11.0,35861.52,0,49921.9
44.0,12.0,15996.83,0,34331.28
32.0,17.0,37064.68,0,66335.13
31.0,9.0,18732.91,0,40598.73
26.0,10.0,32483.48,0,42338.86
27.0,15.0,41144.4,0,64370.41
24.0,9.0,17731.2,0,42017.7
22.0,13.0,32417.5,0,55710.19
34.0,11.0,28145.19,0,56646.54
39.0,9.0,20225.52,0,39706.82
22.0,13.0,17750.37,0,50416.21
24.0,13.0,22924.66,0,46358.19
32.0,12.0,21895.0,0,49931.4
21.0,16.0,27944.05,0,59098.34
32.0,10.0,25733.76,0,60682.63
28.0,14.0,34236.16,0,51284.74
17.0,13.0,38084.92,0,52804.76
34.0,14.0,14709.94,0,43414.91
26.0,11.0,27493.49,0,46234.69
38.0,9.0,20500.75,0,39262.42
28.0,11.0,19148.34,0,34017.63
24.0,12.0,14311.98,0,38813.3
30.0,13.0,13573.11,0,44144.5
40.0,12.0,24808.74,0,51630.0
45.0,12.0,33929.08,0,50370.92
35.0,15.0,33893.47,0,51484.23
25.0,12.0,19473.21,1,47893.71
30.0,11.0,18461.79,0,40562.61
29.0,13.0,32392.45,0,53047.94
29.0,9.0,25682.57,0,43486.09
28.0,9.0,38897.1,0,52783.9
22.0,12.0,18892.79,0,42045.57
38.0,10.0,11422.89,0,42339.63
37.0,11.0,36124.84,0,52389.62
30.0,14.0,11099.61,0,41050.54
40.0,13.0,15542.0,0,43913.55
35.0,12.0,23307.72,0,38522.4
21.0,12.0,27150.07,0,44821.46
27.0,11.0,36014.77,0,55446.27
42.0,14.0,19857.82,0,58775.5
27.0,14.0,43177.12,0,59923.84
24.0,14.0,14839.01,0,37692.48
36.0,14.0,26280.61,0,54135.98
28.0,12.0,38301.55,0,57734.61
34.0,11.0,38830.94,0,52257.11
30.0,12.0,449.74,0,19292.32
24.0,12.0,57079.44,0,63315.34
24.0,11.0,26777.72,0,51215.27
17.0,15.0,32784.45,0,49637.82
21.0,15.0,26663.61,0,62681.84
35.0,12.0,51351.54,0,67205.83
40.0,14.0,42893.44,0,70163.12
25.0,13.0,51075.07,0,63194.67
19.0,11.0,34732.33,0,53542.16
39.0,13.0,39121.47,0,69009.2
39.0,10.0,19553.81,0,42213.32
36.0,10.0,27354.04,0,43851.99
18.0,13.0,39129.55,0,56074.45
34.0,13.0,33182.46,0,55266.64
34.0,17.0,31057.04,0,54187.91
37.0,12.0,22243.31,0,55189.41
31.0,11.0,41654.71,0,60601.19
24.0,14.0,41512.8,0,68256.66
27.0,12.0,40422.09,0,65012.2
39.0,11.0,32920.38,0,63430.37
33.0,11.0,30101.05,0,45221.11
20.0,12.0,41241.32,0,61763.85
44.0,14.0,39368.0,0,61814.51
39.0,13.0,21072.94,0,46860.15
43.0,10.0,33163.48,0,50119.46
39.0,16.0,36580.51,0,74374.09
23.0,10.0,23268.97,0,39639.1
33.0,11.0,39034.4,0,61544.85
35.0,14.0,37176.56,0,54612.68
19.0,15.0,25836.95,0,48241.5
21.0,13.0,16432.11,1,50279.95
36.0,9.0,35862.41,0,57034.85
37.0,12.0,49646.12,0,64518.72
49.0,9.0,32553.99,0,51522.74
28.0,17.0,36413.83,0,62497.91
17.0,13.0,18346.65,0,40472.5
29.0,14.0,29522.1,0,46413.82
37.0,11.0,28885.39,0,49812.09
27.0,16.0,21135.85,0,47207.79
31.0,11.0,34397.86,0,57518.12
25.0,10.0,34013.93,0,57531.43
40.0,13.0,27058.57,0,55521.29
36.0,14.0,29872.66,0,56547.32
23.0,16.0,50529.48,0,73182.13
26.0,15.0,23793.91,0,51813.9
25.0,14.0,18686.44,0,49036.02
15.0,11.0,18446.23,0,46870.67
24.0,11.0,32491.52,0,46498.23
16.0,10.0,4554.83,0,24810.51
37.0,12.0,24896.77,0,54162.47
38.0,8.0,20313.3,0,37069.44
28.0,15.0,29427.48,0,47317.09
32.0,10.0,29469.01,0,46645.24
39.0,10.0,33447.41,0,54542.96
36.0,11.0,36155.19,0,54974.57
46.0,9.0,41417.97,0,63504.82
32.0,13.0,26463.49,0,49453.28
42.0,10.0,23336.76,0,45335.74
31.0,13.0,38526.32,0,51630.84
29.0,14.0,13410.31,0,43380.71
35.0,11.0,37573.64,0,61105.7
34.0,11.0,31430.23,0,51657.72
25.0,10.0,34490.39,0,53760.29
23.0,10.0,33649.67,0,52171.28
31.0,11.0,31364.3,0,57627.2
15.0,12.0,31771.64,0,51641.7
28.0,9.0,18894.12,0,33180.06
22.0,11.0,23487.42,0,53474.04
25.0,12.0,47773.06,0,72056.64
24.0,12.0,36728.58,0,56454.78
36.0,7.0,40606.03,0,57153.38
34.0,13.0,26546.28,0,52665.45
30.0,14.0,30793.59,0,51343.15
27.0,11.0,35266.94,0,60029.26
38.0,9.0,42057.07,0,64884.09
37.0,10.0,28473.63,0,50258.77
29.0,10.0,34770.67,0,57412.89
41.0,14.0,37106.97,0,67469.61
28.0,10.0,39349.1,1,63123.76
32.0,11.0,27983.69,0,44844.24
25.0,15.0,42817.24,0,68120.44
27.0,12.0,15775.42,0,40595.0
25.0,12.0,18705.12,0,36878.34
36.0,12.0,34806.61,0,61917.4
33.0,14.0,34542.9,0,59376.61
22.0,13.0,27650.53,0,48096.57
35.0,16.0,25577.16,0,63435.4
44.0,16.0,25710.49,0,52636.78
25.0,13.0,21009.51,0,39664.52
24.0,12.0,29550.6,0,51200.78
30.0,12.0,14439.52,0,39116.21
41.0,11.0,41320.13,0,59335.13
26.0,12.0,33818.75,0,61665.05
45.0,9.0,42937.68,0,56801.7
22.0,11.0,31610.44,0,51721.7
32.0,14.0,29628.26,0,54013.08
16.0,13.0,31254.45,0,51302.52
23.0,12.0,23004.69,0,50428.2
28.0,13.0,17565.49,0,52819.13
32.0,15.0,20154.92,0,47570.06
40.0,11.0,25736.97,0,54244.43
24.0,9.0,21166.51,0,41147.65
33.0,13.0,43487.18,0,65111.43
19.0,13.0,22946.3,0,47543.79
38.0,14.0,33936.25,0,59126.76
40.0,10.0,35843.61,0,51820.3
38.0,9.0,42374.39,0,67215.12
38.0,13.0,36816.62,0,61888.21
29.0,12.0,28265.38,0,50622.43
32.0,11.0,47059.71,0,62243.81
29.0,15.0,17559.88,0,46246.17
30.0,12.0,20599.23,1,48171.02
24.0,14.0,32199.21,0,55942.4
32.0,14.0,30858.78,0,53949.71
33.0,10.0,38171.26,0,52870.35
38.0,10.0,31605.52,0,61138.96
33.0,9.0,33690.35,0,48296.27
37.0,13.0,39961.66,0,58337.78
24.0,12.0,31407.74,0,55522.39
41.0,15.0,36795.94,0,63963.33
28.0,13.0,22443.59,0,50062.67
14.0,9.0,23103.31,1,48124.42
27.0,11.0,38810.35,0,53735.8
35.0,8.0,31210.22,0,53019.81
31.0,13.0,31692.94,0,50857.61
14.0,18.0,23064.92,0,54195.09
32.0,12.0,25913.1,0,44346.21
31.0,12.0,32867.05,0,50933.85
22.0,12.0,26989.0,0,44178.14
35.0,13.0,21380.54,0,48270.57
29.0,12.0,21496.78,0,44410.66
14.0,13.0,23626.68,0,45589.02
36.0,10.0,26610.56,0,48266.06
31.0,11.0,27234.85,1,53339.85
42.0,9.0,45683.77,0,61973.65
23.0,12.0,39241.74,0,50389.29
28.0,10.0,32969.2,0,44815.37
39.0,15.0,48623.92,0,67502.59
23.0,11.0,28844.57,0,47138.4
38.0,8.0,34754.84,1,65837.95
38.0,10.0,33288.14,0,48954.22
33.0,12.0,34725.46,0,51090.2
29.0,13.0,22515.78,0,37951.09
25.0,13.0,26955.62,0,51742.89
24.0,10.0,21884.68,0,41642.04
32.0,11.0,34076.58,0,48145.51
7.0,11.0,30033.27,0,45903.04
26.0,13.0,11178.31,0,34268.02
24.0,12.0,35135.52,0,61705.03
22.0,11.0,32167.36,0,47905.7
31.0,11.0,47042.27,0,73102.65
18.0,11.0,39270.13,0,56879.7
40.0,12.0,41128.37,0,60869.84
37.0,15.0,18711.59,0,45827.83
41.0,12.0,41182.24,0,64960.43
26.0,11.0,28051.04,0,47583.17
32.0,11.0,23080.83,0,41339.9
37.0,15.0,6545.83,0,41112.15
29.0,14.0,43133.7,0,68904.72
25.0,14.0,27154.27,0,55910.16
31.0,13.0,28777.81,0,51907.15
28.0,12.0,33210.37,0,59599.6
21.0,14.0,48623.0,0,69158.25
11.0,9.0,27741.64,0,41985.59
23.0,15.0,29845.67,0,50695.66
11.0,13.0,39686.49,0,62061.45
23.0,13.0,27208.85,1,45932.47
41.0,10.0,21687.76,0,53050.47
15.0,14.0,8116.28,0,34027.3
34.0,14.0,43362.84,0,62713.53
40.0,11.0,32387.28,0,50883.03
17.0,11.0,35460.58,0,50287.98
44.0,10.0,25138.27,0,52443.86
29.0,13.0,36797.44,0,59969.51
41.0,12.0,24162.04,0,47011.49
32.0,16.0,31626.71,0,55275.35
26.0,9.0,31078.04,0,50627.39
7.0,10.0,41293.38,0,68359.81
21.0,12.0,36470.07,0,69083.64
35.0,13.0,23734.59,0,54661.26
42.0,13.0,36012.75,0,56637.0
19.0,12.0,26328.79,0,50754.94
30.0,13.0,21877.72,0,42390.83
26.0,12.0,35509.8,0,54786.75
33.0,14.0,31939.91,0,63147.37
31.0,11.0,18040.7,0,40241.03
27.0,11.0,24847.96,0,44983.57
35.0,13.0,37454.1,0,57836.0
24.0,15.0,33891.15,1,58065.62
30.0,11.0,34310.46,0,52888.56
36.0,12.0,48453.4,0,72179.4
24.0,11.0,39959.99,0,61433.32
27.0,13.0,28832.14,1,58070.03
26.0,9.0,25960.53,0,50474.95
34.0,11.0,23198.7,0,37968.31
33.0,11.0,25402.17,0,47995.48
26.0,11.0,14008.58,0,34148.15
33.0,7.0,17839.04,0,47660.68
8.0,16.0,36577.61,0,55531.31
37.0,7.0,45347.78,0,64334.43
37.0,13.0,30552.32,0,59813.79
26.0,9.0,22973.78,0,41114.26
24.0,10.0,-4044.86,0,25794.35
30.0,12.0,47038.63,0,71026.57
23.0,13.0,16614.77,1,50167.15
24.0,10.0,15278.9,0,34253.92
32.0,10.0,27025.49,0,40743.57
36.0,9.0,29576.74,0,61058.17
33.0,12.0,30103.63,0,51567.12
53.0,10.0,21450.58,0,52705.93
40.0,15.0,34157.13,0,57577.52
36.0,10.0,24782.34,0,57183.99
36.0,13.0,25030.45,0,47735.18
31.0,15.0,27212.86,0,53501.35
34.0,12.0,23230.86,0,59139.86
32.0,8.0,17457.1,0,30709.5
38.0,13.0,18109.91,0,51000.35
28.0,12.0,18948.49,0,42093.14
27.0,12.0,34560.78,0,58571.5
39.0,15.0,33991.19,0,58509.94
26.0,12.0,27312.44,0,57397.29
22.0,13.0,27808.98,0,45702.57
24.0,11.0,41675.39,1,64005.04
36.0,11.0,35142.08,0,61427.34
51.0,14.0,45648.85,0,66938.41
23.0,12.0,24226.89,0,46870.82
35.0,13.0,18350.44,0,39157.8
31.0,14.0,39969.04,0,60213.94
39.0,15.0,29794.34,0,70023.72
35.0,10.0,21971.62,0,50991.48
40.0,11.0,34887.99,0,60162.43
32.0,15.0,22949.84,0,51589.62
23.0,16.0,36889.96,0,52332.46
25.0,11.0,34859.52,0,53341.4
32.0,13.0,27740.37,0,55685.61
34.0,13.0,13133.34,0,37745.19
27.0,12.0,20768.36,0,46271.34
46.0,12.0,45183.54,0,62849.12
38.0,15.0,47454.78,0,64760.5
13.0,8.0,55932.55,0,77216.45
29.0,11.0,34003.82,0,64341.53
22.0,13.0,19099.09,0,42481.52
45.0,11.0,43390.06,0,60878.97
12.0,13.0,27358.32,0,42197.61
33.0,14.0,23176.77,0,51392.66
31.0,15.0,33347.44,0,67749.02
37.0,13.0,48969.29,0,65538.53
33.0,15.0,28946.91,0,55648.72
47.0,12.0,30170.02,0,56474.31
37.0,11.0,14678.52,0,48932.81
15.0,9.0,31077.53,0,48238.17
41.0,10.0,36654.81,0,50583.52
32.0,12.0,29123.56,0,55396.18
41.0,12.0,29865.04,0,55047.78
27.0,12.0,32251.38,0,49416.94
22.0,16.0,19508.23,0,50880.19
20.0,14.0,7222.79,0,31714.02
38.0,14.0,28967.12,0,56148.11
36.0,16.0,27743.82,0,55848.92
25.0,11.0,35700.02,0,53406.93
9.0,11.0,53971.04,0,61828.59
39.0,14.0,42960.24,0,69370.41
14.0,13.0,9430.04,1,32154.6
47.0,12.0,55207.83,0,80197.99
18.0,12.0,36640.09,0,50608.77
30.0,12.0,27353.21,1,48736.92
32.0,12.0,44763.89,0,70988.87
33.0,12.0,4468.75,0,32622.92
33.0,11.0,24554.69,0,38046.73
31.0,13.0,31970.82,0,54832.24
27.0,13.0,30673.23,0,56393.62
28.0,11.0,45140.78,0,65818.81
25.0,14.0,41804.9,0,58337.36
31.0,9.0,36821.24,0,51939.27
16.0,13.0,27230.36,1,53801.43
33.0,13.0,39613.32,0,66495.51
29.0,12.0,24019.35,0,40314.3
37.0,12.0,37723.2,0,53349.14
28.0,12.0,22710.22,1,57069.38
35.0,11.0,32941.94,0,60390.03
34.0,12.0,15441.82,0,36525.97
29.0,11.0,40355.19,0,57031.58
33.0,14.0,25554.26,0,61826.65
19.0,8.0,16309.59,0,39095.21
41.0,12.0,20363.44,0,45921.34
26.0,8.0,26935.42,0,50586.6
29.0,10.0,20877.9,0,39876.9
22.0,11.0,37201.67,0,55711.98
24.0,15.0,27222.65,0,49678.6
43.0,14.0,39349.7,0,67954.93
31.0,12.0,27170.96,0,53613.38
28.0,12.0,37170.79,0,58505.17
28.0,14.0,30089.85,0,56183.56
30.0,14.0,27406.23,0,57874.61
36.0,11.0,19593.69,0,46012.62
32.0,13.0,30678.52,0,55326.24
32.0,10.0,37353.96,0,58448.16
23.0,11.0,23124.88,0,50305.07
28.0,13.0,29875.3,0,47997.89
31.0,11.0,24484.23,0,48601.37
30.0,11.0,49362.17,0,57294.95
27.0,9.0,33119.92,0,49098.69
26.0,13.0,30899.44,0,62234.33
33.0,10.0,25142.47,0,43093.84
34.0,10.0,38839.24,0,50008.14
38.0,15.0,29993.21,0,51559.51
32.0,11.0,29350.92,0,53981.99
13.0,14.0,29267.12,0,48939.35
49.0,14.0,18940.23,0,44092.23
30.0,14.0,44958.39,0,71826.24
27.0,12.0,39196.07,0,60338.83
30.0,11.0,30089.2,0,45340.87
27.0,10.0,28968.97,0,47606.54
23.0,8.0,21184.06,0,50777.53
35.0,14.0,15239.82,0,41171.52
29.0,13.0,21190.5,0,37598.91
29.0,13.0,41436.29,0,64310.32
10.0,6.0,26133.02,0,41138.78
28.0,12.0,40823.89,0,66605.58
21.0,13.0,29699.98,0,49337.37
26.0,15.0,21315.87,1,53998.33
32.0,13.0,22659.95,0,48336.56
25.0,12.0,32466.0,0,53347.29
26.0,11.0,13805.08,0,38543.81
31.0,13.0,22329.64,0,49785.21
26.0,12.0,25463.9,0,49838.63
22.0,11.0,38205.49,0,60007.32
16.0,10.0,32829.43,0,37796.66
33.0,10.0,31873.99,0,44668.74
26.0,13.0,34633.8,0,56597.26
17.0,9.0,40341.17,0,55411.66
40.0,11.0,30505.68,0,48725.73
33.0,15.0,19657.18,0,45207.8
20.0,9.0,31878.92,0,44601.72
24.0,13.0,21596.07,0,47986.41
38.0,13.0,9309.3,0,33758.06
29.0,11.0,31889.33,0,53721.68
27.0,13.0,35167.29,0,61834.15
36.0,12.0,33468.65,0,51245.19
29.0,14.0,35053.37,0,50662.07
40.0,10.0,41146.8,0,56942.27
27.0,16.0,20309.3,0,43015.11
25.0,15.0,26119.96,0,51059.52
30.0,8.0,17129.07,0,28763.61
38.0,14.0,34493.42,0,67513.49
32.0,11.0,42288.13,0,54794.3
31.0,15.0,24555.25,0,43929.05
24.0,14.0,37223.06,0,58811.24
22.0,10.0,22306.46,0,41529.04
38.0,13.0,36454.85,0,66715.71
39.0,11.0,7661.47,0,33071.82
38.0,13.0,45226.4,0,65493.84
36.0,12.0,19097.26,1,52873.81
34.0,11.0,31689.43,0,57344.37
33.0,9.0,44048.05,0,51530.56
31.0,12.0,18319.76,0,43657.04
34.0,13.0,47595.47,0,78679.21
30.0,12.0,51030.88,0,65325.52
34.0,10.0,36889.84,0,57609.47
37.0,11.0,30168.1,0,57734.72
20.0,10.0,28151.96,1,53747.96
39.0,13.0,35742.4,0,54566.07
30.0,8.0,37461.91,0,53221.33
42.0,14.0,9869.28,0,33932.5
40.0,12.0,27151.68,0,46258.01
22.0,13.0,24152.89,0,52260.67
30.0,13.0,22705.69,0,51686.06
15.0,12.0,22902.88,0,52501.13
27.0,11.0,17058.85,0,44868.14
33.0,14.0,45498.72,0,66470.46
37.0,9.0,24126.9,0,40155.17
31.0,15.0,28551.6,0,60541.87
34.0,10.0,26874.95,0,51091.15
24.0,11.0,24512.44,0,49833.84
30.0,15.0,34169.73,0,61034.39
25.0,16.0,26877.83,0,58948.49
32.0,12.0,36053.73,0,50040.3
41.0,9.0,45700.51,0,58005.34
30.0,14.0,18998.27,1,45456.36
19.0,12.0,33228.17,0,54131.22
32.0,10.0,32932.44,0,50249.5
36.0,12.0,18246.09,0,49805.08
23.0,9.0,36461.65,0,52997.75
40.0,12.0,27377.03,0,63872.29
25.0,10.0,45792.97,0,70408.2
24.0,8.0,39990.01,0,55535.43
16.0,9.0,29994.96,0,39032.46
32.0,11.0,27836.03,0,52928.86
45.0,13.0,47325.89,0,64203.58
33.0,15.0,24206.92,0,45587.97
24.0,15.0,32644.58,0,53826.09
34.0,9.0,29348.75,0,47211.41
36.0,12.0,41948.64,0,65153.56
39.0,11.0,42717.09,0,64447.2
20.0,12.0,35423.96,0,49104.49
42.0,15.0,24721.95,0,51604.82
32.0,12.0,28435.03,0,44612.84
44.0,14.0,17697.83,0,48708.2
31.0,16.0,32488.89,0,49362.11
35.0,9.0,21934.14,0,42166.73
22.0,11.0,52388.33,0,64212.93
38.0,13.0,24523.45,0,53064.35
21.0,13.0,40257.89,0,54971.58
32.0,14.0,45284.84,0,62505.33
27.0,11.0,38288.37,0,59156.36
29.0,12.0,24933.62,0,50465.89
39.0,10.0,24219.09,0,42367.3
27.0,14.0,59441.16,0,80056.44
39.0,12.0,49739.46,0,81928.45
27.0,15.0,33034.71,0,54226.54
31.0,15.0,26616.28,0,46182.26
47.0,9.0,21299.88,0,46193.6
31.0,15.0,23802.13,0,43457.62
29.0,14.0,37103.08,0,58129.57
31.0,12.0,53129.11,0,67888.86
27.0,14.0,28812.01,0,55665.02
22.0,11.0,41984.77,0,50188.27
46.0,15.0,38984.87,0,57310.31
27.0,12.0,27075.2,0,51117.23
18.0,14.0,39990.72,0,62044.7
29.0,11.0,40301.4,0,47995.19
33.0,13.0,39168.09,0,68072.98
28.0,14.0,25873.91,0,54516.84
30.0,13.0,37171.1,0,54916.61
29.0,13.0,41890.44,0,62850.73
33.0,10.0,39557.56,0,48953.08
37.0,13.0,40778.16,0,66063.04
28.0,10.0,27969.78,0,44327.36
51.0,12.0,40725.47,0,62907.33
38.0,11.0,42900.65,0,62450.65
30.0,12.0,25430.85,0,53967.92
19.0,8.0,16159.34,0,37651.38
31.0,12.0,46355.86,0,63522.74
37.0,12.0,25374.69,0,46440.57
37.0,9.0,22574.13,0,45470.23
15.0,13.0,32122.91,0,50989.04
31.0,14.0,27300.25,0,50467.63
26.0,13.0,10737.68,1,41481.76
42.0,14.0,38918.18,0,61749.24
31.0,11.0,38667.88,0,50251.79
12.0,12.0,19686.32,1,44381.01
33.0,12.0,29745.39,0,52425.23
14.0,12.0,19827.85,0,41699.86
34.0,7.0,21412.34,0,36133.81
51.0,10.0,23980.94,0,45483.0
41.0,14.0,35285.76,0,68605.9
32.0,10.0,50111.88,0,63235.95
25.0,12.0,25867.47,0,49691.08
40.0,12.0,38389.59,0,56661.75
35.0,9.0,37976.3,0,47262.29
28.0,15.0,8702.32,0,37175.74
26.0,12.0,16149.89,0,43059.26
23.0,10.0,50462.82,0,63537.91
33.0,13.0,24937.91,0,39865.68
27.0,11.0,34530.77,0,43197.99
31.0,12.0,33367.96,0,60848.49
37.0,15.0,8719.37,0,39206.36
26.0,11.0,23179.53,0,47790.27
35.0,14.0,37266.62,0,62289.32
40.0,11.0,20622.03,0,40017.02
33.0,12.0,26219.03,0,48464.94
36.0,13.0,17959.1,0,35607.84
33.0,11.0,21594.79,0,49959.81
30.0,10.0,24732.61,0,47375.06
37.0,13.0,11408.37,0,43075.66
43.0,14.0,41715.59,0,72643.55
37.0,13.0,16114.09,0,41731.14
28.0,13.0,28275.73,0,47799.59
29.0,11.0,22551.23,0,44328.55
29.0,13.0,40768.53,0,68121.55
38.0,13.0,17676.18,0,36541.93
26.0,14.0,22179.37,0,46730.7
22.0,12.0,16628.68,0,43886.13
34.0,13.0,5919.01,0,36218.91
30.0,11.0,35090.89,0,60506.58
42.0,13.0,30323.01,0,48344.06
12.0,9.0,32190.83,0,53059.18
32.0,11.0,38104.86,0,55026.43
27.0,11.0,31081.01,0,40348.47
36.0,19.0,25559.86,0,55122.04
28.0,13.0,32596.36,0,50738.75
25.0,10.0,24935.12,0,44038.38
37.0,9.0,41123.51,0,52061.17
40.0,9.0,26379.23,0,47042.41
29.0,10.0,28807.65,0,45735.85
29.0,10.0,36365.71,0,65209.05
40.0,10.0,53361.14,0,71640.12
39.0,11.0,19778.17,0,45883.66
38.0,14.0,17816.43,0,44431.85
27.0,12.0,27549.97,0,55234.96
25.0,13.0,22517.71,0,48812.88
43.0,10.0,36999.63,0,65653.72
35.0,11.0,31974.42,0,59061.46
24.0,10.0,18805.48,0,38056.04
29.0,13.0,37494.61,0,62358.8
31.0,12.0,48476.69,1,75625.6
29.0,16.0,22009.7,0,53708.53
28.0,11.0,33252.65,0,54800.69
40.0,10.0,8053.28,0,27614.82
34.0,13.0,26318.92,0,50348.03
48.0,12.0,33096.63,0,58285.72
40.0,13.0,28586.42,0,54285.74
31.0,12.0,31125.87,0,58732.38
41.0,12.0,22219.51,0,44545.33
33.0,11.0,42600.18,0,61989.23
49.0,11.0,25893.43,0,51696.93
27.0,9.0,17705.39,0,42018.68
34.0,14.0,29611.97,0,63860.52
25.0,15.0,39229.05,0,64074.16
27.0,14.0,35544.76,0,60482.29
27.0,11.0,24822.68,0,41297.07
40.0,11.0,47731.6,0,59188.74
32.0,13.0,29252.63,0,54011.67
10.0,10.0,12876.53,0,31531.07
31.0,14.0,35943.82,0,61479.9
22.0,7.0,28626.72,0,41516.36
26.0,11.0,29259.52,0,56813.28
39.0,10.0,38888.16,0,52841.45
19.0,14.0,27389.76,0,49276.05
20.0,14.0,27098.24,0,47903.75
17.0,13.0,17464.75,0,45932.29
27.0,16.0,24705.58,0,49820.25
16.0,12.0,32449.77,0,48386.41
17.0,13.0,24121.14,0,46393.79
28.0,9.0,13306.25,0,31137.28
33.0,11.0,36514.91,0,56962.24
23.0,12.0,36924.79,0,55653.39
33.0,10.0,37000.06,0,70790.53
31.0,13.0,20744.58,0,42971.35
34.0,8.0,29793.59,0,48314.75
22.0,13.0,32396.46,0,54343.14
46.0,11.0,35945.93,0,60427.59
21.0,10.0,36169.28,0,58753.59
25.0,13.0,15871.9,0,50789.87
34.0,15.0,47221.43,0,65523.51
31.0,14.0,17915.26,0,46497.55
37.0,10.0,13688.36,1,42860.82
28.0,13.0,662.66,0,31022.29
20.0,11.0,36985.31,0,60665.34
18.0,14.0,44488.45,0,71547.86
44.0,12.0,23675.39,0,54603.13
28.0,9.0,12320.14,0,35998.73
29.0,12.0,38745.38,0,63376.05
44.0,10.0,17021.22,0,38641.66
26.0,10.0,36189.9,0,50981.2
30.0,11.0,20755.16,0,44835.28
22.0,13.0,25609.23,0,53202.61
20.0,14.0,33192.45,0,52792.27
45.0,11.0,33266.45,0,55633.9
45.0,14.0,31067.54,0,48413.21
38.0,9.0,44701.77,0,73931.84
38.0,10.0,47143.27,0,64469.17
36.0,16.0,47923.22,0,57936.03
24.0,10.0,28239.32,0,47958.92
32.0,15.0,31060.8,0,58180.74
26.0,12.0,43782.81,0,61018.3
9.0,12.0,23482.87,0,37950.03
39.0,14.0,25702.45,0,56712.43
34.0,14.0,30208.5,0,58560.32
19.0,15.0,29807.09,0,55035.89
27.0,12.0,27135.96,0,44817.04
38.0,12.0,20650.2,0,43445.88
31.0,11.0,38542.61,0,56792.55
16.0,10.0,26126.13,0,41886.73
20.0,12.0,31563.56,0,54777.87
45.0,12.0,29929.75,0,52611.49
31.0,8.0,36754.03,0,49016.06
38.0,14.0,34562.46,0,61678.37
45.0,12.0,27447.14,0,65078.34
26.0,11.0,25850.37,0,42611.51
33.0,13.0,28892.56,0,48794.38
14.0,11.0,18902.01,0,38314.9
25.0,12.0,21957.28,0,48779.11
35.0,15.0,35305.02,0,62768.21
28.0,13.0,32993.69,0,54294.18
34.0,11.0,20339.65,0,41840.15
37.0,10.0,28801.68,0,60963.68
34.0,11.0,14368.94,0,44682.6
33.0,14.0,31352.51,0,63911.54
32.0,12.0,26638.56,0,53017.46
25.0,13.0,50950.51,0,68503.49
23.0,11.0,35871.54,0,56653.72
41.0,10.0,20468.45,0,53710.23
36.0,13.0,20330.83,0,49299.84
24.0,10.0,36377.32,1,50629.84
31.0,11.0,38793.25,0,65332.99
19.0,10.0,48585.52,0,69677.9
26.0,10.0,41563.59,0,64802.25
34.0,14.0,34771.44,0,51752.23
32.0,14.0,44231.68,0,67831.8
31.0,14.0,30745.76,0,60091.71
23.0,14.0,30300.66,0,53096.38
21.0,11.0,17873.4,0,41757.26
38.0,13.0,45083.7,0,69717.53
44.0,14.0,31323.91,0,53742.69
34.0,10.0,29013.83,0,52695.86
29.0,12.0,22059.95,0,40831.66
40.0,12.0,42253.76,0,62994.41
23.0,8.0,39865.27,0,51919.48
38.0,13.0,20977.64,0,51495.28
25.0,11.0,35104.83,0,57044.23
26.0,14.0,37959.84,0,62431.19
27.0,10.0,17537.24,0,41382.19
29.0,13.0,36412.39,0,59805.85
37.0,12.0,34409.93,0,67260.32
20.0,9.0,36231.78,0,58074.18
25.0,11.0,49867.1,0,61478.0
32.0,13.0,59616.6,0,74072.63
34.0,14.0,42362.3,0,63786.21
16.0,12.0,32604.93,0,50181.52
24.0,14.0,36382.42,0,53518.59
16.0,13.0,34340.27,0,56682.44
24.0,13.0,53517.5,0,70531.19
27.0,13.0,31374.04,0,54718.17
34.0,11.0,25857.38,1,45394.5
12.0,10.0,35487.36,0,42881.83
35.0,15.0,50877.2,0,70180.53
26.0,14.0,20313.55,0,48012.29
27.0,12.0,23281.04,0,48332.57
38.0,13.0,22727.49,0,54007.95
41.0,13.0,18029.22,0,41866.23
25.0,10.0,20488.3,0,45062.58
25.0,11.0,39403.75,0,65439.51
27.0,15.0,32198.13,0,60477.65
25.0,12.0,17061.44,0,34109.86
19.0,13.0,36856.78,0,61478.95
30.0,15.0,33454.55,0,58864.08
25.0,12.0,39516.4,0,60811.27
31.0,10.0,23959.97,0,57939.75
44.0,12.0,17729.09,0,46376.74
29.0,11.0,36798.81,0,59309.37
24.0,9.0,38250.98,0,55077.44
28.0,14.0,18955.57,0,43118.68
31.0,11.0,32381.0,0,55420.96
29.0,6.0,23837.37,0,38648.99
25.0,13.0,39711.54,0,60103.28
17.0,13.0,36621.74,0,53669.79
35.0,16.0,42187.41,0,56273.56
23.0,12.0,21587.71,0,41373.97
42.0,14.0,23102.73,0,55735.09
27.0,13.0,26294.09,0,52336.86
26.0,11.0,24699.49,0,44583.0
26.0,13.0,33684.52,0,55382.71
31.0,12.0,19229.2,0,39267.5
23.0,11.0,45212.04,0,57918.78
25.0,11.0,47438.28,0,63870.59
35.0,11.0,41094.43,0,59487.91
22.0,12.0,35000.84,0,50585.1
34.0,12.0,28768.37,0,51548.94
37.0,11.0,31889.09,0,48172.26
35.0,12.0,22437.09,0,54472.57
32.0,8.0,31574.31,0,54359.3
16.0,10.0,33353.46,0,38921.08
20.0,11.0,21746.52,0,47068.11
19.0,15.0,46214.08,0,64281.75
27.0,13.0,29157.74,0,49253.84
30.0,10.0,19712.76,0,45630.64
20.0,15.0,27946.91,0,50966.12
29.0,12.0,23974.83,0,44964.69
35.0,10.0,21597.11,0,37459.97
22.0,12.0,45713.24,0,67392.69
23.0,14.0,30099.54,0,57922.86
39.0,10.0,40297.83,0,60666.92
23.0,10.0,34114.53,0,45906.34
33.0,16.0,34766.27,0,61486.24
40.0,13.0,29863.06,0,57671.45
21.0,11.0,25680.04,0,45577.59
21.0,12.0,42999.67,0,64824.47
28.0,13.0,36542.47,0,58282.38
31.0,12.0,28191.41,0,51794.85
25.0,15.0,39943.87,0,69030.51
46.0,12.0,45101.29,0,64973.77
34.0,13.0,33660.48,0,49277.24
24.0,12.0,45514.12,0,62445.92
19.0,12.0,25228.18,0,43103.47
29.0,14.0,21003.69,0,39378.65
34.0,14.0,26570.27,0,54895.55
45.0,9.0,30412.46,0,52011.72
31.0,12.0,45553.75,0,55419.87
28.0,16.0,26190.69,0,60394.25
22.0,11.0,33842.37,1,53979.55
33.0,13.0,41009.69,0,59229.09
38.0,14.0,34674.44,0,64568.66
16.0,10.0,25064.35,0,45116.4
31.0,11.0,17213.88,1,51603.43
22.0,9.0,42188.65,0,46074.92
19.0,12.0,19475.09,0,40186.74
44.0,13.0,26213.37,0,53120.09
37.0,13.0,30339.42,0,61485.82
25.0,15.0,42634.34,0,60061.75
29.0,12.0,39977.08,0,58147.18
27.0,10.0,31483.43,0,51077.82
21.0,10.0,42127.79,0,61946.33
26.0,10.0,44326.96,0,55525.31
36.0,12.0,25233.26,0,53914.59
25.0,17.0,26068.01,0,49698.62
34.0,12.0,37491.94,0,60468.67
26.0,15.0,46969.97,0,66466.16
21.0,12.0,23051.64,0,45693.27
40.0,10.0,11578.78,0,37911.42
13.0,10.0,36495.97,0,58540.49
44.0,11.0,43643.35,0,63134.28
38.0,12.0,31294.81,0,52876.23
31.0,13.0,56340.25,0,79517.56
26.0,11.0,21628.47,0,50273.76
27.0,14.0,22578.1,0,45073.66
32.0,14.0,22442.32,0,51833.94
31.0,11.0,30870.99,0,48196.33
22.0,14.0,31100.11,0,56672.54
31.0,8.0,22302.21,0,46666.28
32.0,7.0,41233.34,0,55308.1
28.0,14.0,32678.06,0,60881.18
48.0,11.0,19651.82,0,45146.79
29.0,16.0,36137.32,0,61222.98
16.0,12.0,25796.4,1,52585.69
22.0,10.0,31015.77,0,44395.15
36.0,15.0,38873.16,0,56803.11
24.0,13.0,39991.09,0,61547.49
22.0,15.0,39165.65,0,57130.34
41.0,11.0,30496.98,0,47353.5
31.0,13.0,20252.01,1,54047.16
25.0,10.0,26813.87,0,54322.16
8.0,9.0,30231.94,0,48550.11
35.0,13.0,45461.82,0,60923.96
30.0,11.0,24739.27,0,47793.82
40.0,10.0,32017.56,0,52156.27
21.0,9.0,17670.37,0,33344.55
27.0,12.0,33405.32,0,54918.16
32.0,12.0,29545.74,0,51905.01
40.0,11.0,28707.74,0,50845.37
32.0,11.0,38466.28,0,62778.75
24.0,14.0,23142.56,0,53413.64
40.0,7.0,44008.79,0,58702.63
28.0,13.0,22403.88,0,45788.44
31.0,13.0,43660.54,0,62909.24
36.0,10.0,14038.37,0,40545.66
43.0,8.0,33058.44,0,54736.41
33.0,13.0,36102.97,0,55101.79
51.0,10.0,26402.51,0,50270.24
29.0,15.0,32777.83,0,49741.08
32.0,16.0,26364.06,0,45939.84
25.0,13.0,34477.59,0,49541.74
33.0,12.0,32503.62,0,53059.11
32.0,12.0,52169.31,0,72828.88
38.0,9.0,16214.18,0,35320.21
34.0,11.0,32009.27,0,53116.64
26.0,11.0,25791.94,0,47966.2
32.0,11.0,31245.62,0,59814.31
25.0,13.0,28641.45,0,50900.15
34.0,12.0,26514.83,0,50855.81
26.0,14.0,24769.44,0,45466.68
19.0,11.0,37143.78,0,63774.56
21.0,13.0,26268.68,0,52234.89
21.0,12.0,29782.75,0,44406.52
26.0,13.0,31857.51,0,61324.13
23.0,12.0,22754.78,0,48276.67
30.0,16.0,36092.78,0,61564.73
27.0,7.0,20413.58,0,42121.96
34.0,13.0,34933.39,0,63703.0
33.0,14.0,34018.87,0,53775.29
27.0,9.0,28669.81,0,45935.95
40.0,16.0,19051.45,0,48686.68
23.0,12.0,30067.39,0,44416.27
38.0,12.0,19676.49,0,48749.03
31.0,13.0,28880.08,0,50719.26
27.0,14.0,37888.97,0,57526.77
39.0,12.0,29845.53,0,50733.11
34.0,12.0,42540.35,0,62954.81
21.0,14.0,32950.84,0,55094.19
33.0,14.0,37733.06,0,65686.76
33.0,13.0,37167.12,0,64108.35
38.0,9.0,44071.14,0,56105.14
35.0,10.0,16948.86,0,42761.32
35.0,14.0,24770.09,0,57185.97
26.0,11.0,30278.98,0,49847.76
28.0,11.0,38006.81,0,56022.95
28.0,13.0,31683.67,0,51839.62
17.0,13.0,29935.86,0,52713.77
40.0,12.0,40303.82,0,63302.14
21.0,13.0,26622.76,0,53892.89
32.0,9.0,26157.55,0,46263.98
27.0,9.0,35208.14,0,58471.89
28.0,15.0,53940.2,0,76763.37
35.0,10.0,29802.91,0,56562.48
24.0,9.0,23538.53,0,39652.01
34.0,11.0,24330.69,0,55381.0
34.0,12.0,26340.89,0,46981.88
24.0,11.0,43260.46,0,57867.49
37.0,12.0,26339.49,0,48104.29
41.0,9.0,33045.81,0,51280.24
46.0,13.0,29080.45,0,65399.22
28.0,9.0,16868.54,0,40625.44
32.0,12.0,26722.91,0,52208.54
32.0,12.0,5255.38,0,23618.07
35.0,13.0,31751.01,0,62191.29
44.0,12.0,34895.45,0,53976.41
34.0,10.0,21543.99,0,43655.75
34.0,11.0,24579.05,0,44142.32
21.0,11.0,16594.81,0,39314.72
46.0,9.0,7836.68,1,47071.43
26.0,13.0,14938.24,0,35254.08
9.0,10.0,36520.04,0,47852.6
12.0,12.0,26857.29,0,46840.08
33.0,12.0,32093.7,0,61822.86
20.0,10.0,50409.47,0,61895.8
30.0,10.0,39987.89,0,54089.85
18.0,11.0,35390.36,0,54070.08
32.0,9.0,25152.68,0,46020.63
35.0,14.0,45593.92,0,62230.58
31.0,15.0,42352.54,0,62826.61
24.0,14.0,38931.29,0,49757.17
37.0,13.0,29950.8,0,53912.41
27.0,12.0,20754.65,0,37857.6
28.0,10.0,45173.16,0,74086.18
26.0,14.0,38705.15,0,62577.9
28.0,15.0,27964.3,0,53953.32
45.0,11.0,27232.28,0,54735.73
30.0,12.0,17784.25,0,39690.01
20.0,10.0,37603.59,0,53724.88
22.0,11.0,31704.83,1,58693.55
28.0,9.0,33977.57,0,47345.64
24.0,11.0,39302.98,0,61007.95
38.0,13.0,37219.46,0,70696.01
19.0,13.0,21250.19,0,35983.87
29.0,13.0,30223.78,0,55153.78
38.0,7.0,34128.0,0,47944.62
25.0,12.0,34882.48,0,58448.58
34.0,13.0,14097.27,0,42901.13
30.0,12.0,19939.68,0,53267.71
30.0,14.0,36573.44,0,67986.79
34.0,12.0,36420.91,0,50515.91
15.0,13.0,46096.88,0,66518.85
40.0,10.0,14499.48,0,43254.92
15.0,13.0,38976.16,0,63262.78
39.0,14.0,33763.33,0,60763.75
33.0,11.0,19490.91,0,45842.59
34.0,9.0,12325.08,0,30595.17
43.0,11.0,39409.11,0,63318.74
39.0,10.0,20164.69,0,42946.07
37.0,13.0,16858.42,0,47405.37
28.0,11.0,34535.31,0,53706.65
27.0,13.0,29903.37,0,55018.37
37.0,9.0,35746.32,0,57896.47
34.0,10.0,34305.82,0,57687.59
32.0,10.0,63454.75,0,73999.03
30.0,13.0,37235.02,0,70342.01
27.0,8.0,36595.75,0,53740.77
19.0,11.0,21177.39,0,45327.26
35.0,11.0,45623.59,0,65094.69
29.0,13.0,24946.77,0,42848.69
28.0,12.0,20896.07,0,48337.34
15.0,10.0,27885.08,0,46840.74
31.0,7.0,34401.07,0,55595.76
19.0,10.0,25381.73,0,41258.21
27.0,9.0,21235.69,0,40098.05
36.0,10.0,21022.28,0,45008.51
31.0,11.0,32057.15,0,52518.61
29.0,14.0,35603.26,0,56518.48
24.0,9.0,36423.63,0,54782.15
26.0,8.0,14443.67,0,42117.9
43.0,11.0,21694.21,0,49022.18
36.0,11.0,39312.12,0,66005.54
26.0,11.0,25757.87,0,46337.22
29.0,11.0,32026.45,0,52405.82
32.0,12.0,56263.1,0,74132.46
34.0,12.0,7453.96,0,32872.73
30.0,10.0,28707.55,0,50441.02
16.0,14.0,37079.24,0,64674.21
30.0,12.0,20182.58,0,52451.35
29.0,14.0,28651.3,0,59608.06
46.0,13.0,17997.51,0,47745.2
52.0,9.0,35777.93,0,54812.95
35.0,8.0,23289.13,0,55983.75
25.0,14.0,25692.99,0,47031.62
35.0,10.0,38967.31,0,66057.38
16.0,12.0,35561.05,0,55366.85
26.0,11.0,39733.74,0,52564.43
17.0,15.0,47575.05,0,58733.49
34.0,12.0,30736.8,0,60273.23
20.0,9.0,51166.79,0,61364.53
28.0,11.0,31936.71,0,46262.74
30.0,14.0,43176.37,0,63375.92
30.0,10.0,29711.99,0,49957.79
26.0,9.0,38403.5,0,56697.71
33.0,13.0,25730.91,0,52179.8
20.0,10.0,43394.34,0,55088.37
44.0,9.0,41510.22,0,60599.06
22.0,10.0,27863.6,0,55333.47
30.0,12.0,31562.28,0,48495.05
35.0,13.0,20558.13,0,48574.87
35.0,13.0,39300.49,0,55950.79
36.0,10.0,38406.01,0,55750.18
17.0,14.0,17673.72,0,46946.32
23.0,13.0,51714.9,0,59104.52
31.0,13.0,33975.61,0,66753.52
34.0,10.0,27677.15,0,42235.66
40.0,11.0,41987.06,0,52251.8
26.0,13.0,24779.59,0,47661.41
23.0,13.0,43069.64,0,59954.96
26.0,10.0,18237.43,0,36531.16
48.0,15.0,27780.75,0,60482.28
42.0,12.0,29125.78,0,48734.07
29.0,14.0,24559.56,0,52059.85
40.0,9.0,22632.68,0,49751.74
25.0,12.0,25131.49,0,40679.0
38.0,9.0,24676.69,0,51808.35
19.0,12.0,25309.23,1,55149.49
33.0,13.0,44342.03,0,72671.28
38.0,13.0,34333.61,0,58100.76
27.0,10.0,29119.35,0,45063.5
35.0,8.0,37649.97,0,61673.62
26.0,13.0,29046.6,0,51166.95
32.0,11.0,22058.98,1,59389.94
26.0,11.0,13943.0,0,41072.43
37.0,10.0,39888.25,0,59187.54
20.0,12.0,7743.02,0,27596.61
22.0,12.0,14913.68,0,37715.45
40.0,14.0,35046.08,0,64862.52
10.0,8.0,29827.33,1,41292.88
25.0,9.0,44591.76,0,57916.99
29.0,13.0,23558.42,0,39406.97
33.0,8.0,37694.26,0,49051.95
26.0,10.0,28235.56,0,45261.89
21.0,17.0,35492.16,0,57928.03
40.0,11.0,31699.42,0,56472.91
38.0,13.0,35040.27,0,62565.08
27.0,9.0,32149.73,0,56606.68
16.0,13.0,32935.0,0,60839.14
32.0,11.0,19114.51,0,48893.25
31.0,13.0,30756.63,0,51517.67
25.0,13.0,36026.51,0,57976.55
14.0,11.0,29483.48,0,44558.33
28.0,13.0,28982.83,0,52918.47
36.0,10.0,11170.54,0,35058.12
37.0,12.0,45340.92,0,60076.42
30.0,13.0,16323.62,0,49228.05
25.0,11.0,23818.48,0,53458.72
36.0,10.0,22116.56,0,41092.5
21.0,11.0,32967.52,0,54186.16
19.0,14.0,33419.62,0,51114.11
29.0,14.0,36593.41,0,58550.67
42.0,13.0,37038.05,0,58908.12
43.0,15.0,47234.64,0,68201.88
19.0,12.0,26945.79,0,48411.61
27.0,12.0,21687.46,0,35925.34
49.0,8.0,27651.8,0,47415.17
24.0,10.0,18947.66,0,60314.51
43.0,13.0,26547.52,0,45147.03
38.0,14.0,14489.36,0,40988.09
40.0,9.0,21642.79,0,46074.63
26.0,12.0,13125.31,1,41702.68
27.0,16.0,42085.16,0,61501.48
23.0,12.0,31110.93,0,56096.42
36.0,15.0,48803.17,0,71957.23
17.0,13.0,41105.62,0,55843.42
29.0,13.0,42092.03,0,66821.26
43.0,10.0,28603.2,0,49042.05
35.0,9.0,34900.32,0,49279.16
38.0,13.0,21035.9,0,50816.75
17.0,13.0,24676.32,0,39189.52
22.0,12.0,30140.1,0,59431.93
39.0,9.0,12608.4,1,49907.6
31.0,11.0,24935.05,0,50170.23
22.0,11.0,37929.51,0,52535.92
35.0,11.0,25098.14,0,42704.17
26.0,12.0,22637.51,0,32849.44
50.0,13.0,26155.48,0,62476.8
35.0,13.0,37480.41,0,54667.74
23.0,12.0,33609.74,0,55571.04
37.0,12.0,27747.13,0,52829.28
43.0,12.0,30176.3,0,46012.57
30.0,10.0,38570.29,0,54163.2
24.0,12.0,43073.89,0,55658.86
30.0,13.0,25252.24,0,53732.69
25.0,12.0,29175.53,1,59315.23
28.0,10.0,42448.38,0,58484.38
19.0,10.0,35228.74,0,47355.77
37.0,10.0,15970.84,0,41209.26
21.0,10.0,21068.25,0,46264.01
35.0,18.0,21378.97,0,44450.91
28.0,10.0,25843.16,0,56995.86
32.0,12.0,33698.34,0,54019.5
26.0,12.0,48852.24,0,65554.57
32.0,15.0,29170.27,0,62490.07
33.0,13.0,36595.17,0,58548.17
27.0,13.0,41338.13,0,60832.51
16.0,12.0,44868.17,0,56908.78
33.0,13.0,41348.24,0,59282.54
33.0,13.0,22530.54,0,43763.56
19.0,11.0,15493.09,1,33018.85
22.0,10.0,23713.77,0,33165.29
27.0,12.0,31684.85,0,51750.69
12.0,11.0,22569.69,0,34404.84
36.0,12.0,13748.9,0,43763.79
26.0,10.0,17846.35,0,38232.7
32.0,9.0,60065.8,0,65588.4
22.0,9.0,27807.04,0,53611.14
46.0,12.0,48001.33,0,67349.27
19.0,9.0,27652.68,0,47193.56
26.0,16.0,37926.23,0,69663.42
40.0,16.0,28568.12,1,61508.33
21.0,14.0,30073.13,0,52060.34
31.0,11.0,37784.0,0,64824.61
35.0,11.0,25975.59,0,47346.65
18.0,13.0,18058.49,0,45995.42
25.0,13.0,21947.98,0,45311.43
32.0,13.0,21894.0,0,47263.54
34.0,9.0,30837.73,0,51556.27
23.0,12.0,11039.94,0,33287.4
45.0,13.0,33052.12,0,55779.17
34.0,7.0,42662.98,0,54913.82
36.0,10.0,24919.55,0,40489.57
36.0,13.0,23453.68,0,46730.5
17.0,11.0,49673.25,0,63286.26
29.0,11.0,44719.79,0,65007.6
30.0,14.0,34275.76,0,57150.07
28.0,12.0,22524.77,0,50892.2
32.0,11.0,35838.63,0,61217.99
13.0,11.0,19914.86,0,46669.26
31.0,11.0,16770.45,0,40058.3
28.0,10.0,34521.79,0,50908.0
13.0,12.0,25217.27,0,37505.7
33.0,10.0,9767.34,1,45752.07
21.0,11.0,35867.63,0,48365.22
27.0,11.0,44601.73,0,57534.87
28.0,12.0,36596.3,0,58461.4
15.0,15.0,25011.95,0,46540.42
16.0,13.0,8596.35,0,39857.78
34.0,12.0,31463.52,0,50411.99
25.0,12.0,23431.04,1,51391.77
27.0,10.0,20987.47,0,33172.02
31.0,13.0,10532.4,0,44107.2
16.0,13.0,48770.02,0,56636.69
27.0,12.0,19028.05,0,54918.71
29.0,13.0,11784.07,0,37373.24
44.0,13.0,46946.42,0,67598.75
23.0,13.0,30310.62,0,51276.75
36.0,14.0,28759.57,0,48888.23
30.0,10.0,33093.98,0,56245.52
21.0,15.0,34356.88,0,54248.21
25.0,9.0,32132.28,0,47924.59
37.0,13.0,14932.44,0,49081.31
36.0,12.0,14157.33,0,32305.77
26.0,10.0,22710.26,0,42431.15
33.0,14.0,24898.97,0,49980.34
22.0,8.0,26399.7,0,44523.81
29.0,15.0,32285.63,0,54015.45
27.0,17.0,27204.32,0,51994.58
37.0,12.0,23193.04,0,56964.98
34.0,10.0,33947.12,0,56340.06
25.0,11.0,37138.27,0,51578.11
25.0,14.0,21912.13,0,49818.41
30.0,11.0,16320.59,0,40593.48
29.0,6.0,31801.91,0,51022.2
28.0,13.0,25793.47,0,47934.44
27.0,14.0,38360.84,0,55874.23
41.0,13.0,20147.86,0,39011.0
26.0,13.0,17942.09,0,48739.01
32.0,15.0,23666.66,0,54042.93
49.0,12.0,35197.83,0,61395.14
23.0,15.0,26483.76,0,54513.66
32.0,12.0,29114.03,0,57474.3
32.0,14.0,25047.86,0,42267.26
30.0,12.0,40155.0,0,60238.11
30.0,16.0,34830.52,0,50952.98
23.0,13.0,14773.97,0,37738.51
33.0,12.0,39011.8,0,61240.81
15.0,10.0,35904.02,0,49624.71
44.0,12.0,40847.77,0,72779.16
44.0,10.0,24712.81,0,47417.21
27.0,13.0,20609.94,0,40992.05
38.0,13.0,29173.22,0,54499.26
28.0,14.0,31630.45,0,49736.12
30.0,13.0,41853.5,0,58191.59
25.0,12.0,36365.24,0,60845.19
37.0,15.0,31490.87,0,62104.83
25.0,15.0,28724.75,0,53716.08
36.0,10.0,30152.57,0,54324.39
30.0,16.0,26056.82,0,62744.31
30.0,14.0,36789.37,0,59570.13
18.0,10.0,15478.13,0,31955.75
30.0,8.0,30086.95,0,51085.82
21.0,14.0,40441.4,0,65104.92
30.0,12.0,18642.97,0,48093.9
46.0,11.0,49446.67,0,75471.2
19.0,13.0,19227.11,0,46760.87
29.0,14.0,24953.08,0,52700.16
25.0,8.0,40259.34,0,58307.0
22.0,12.0,44520.33,0,64257.88
24.0,12.0,33574.8,0,45761.93
42.0,15.0,33311.35,0,51402.85
44.0,14.0,47878.71,0,65472.08
22.0,14.0,16318.94,0,45118.44
33.0,11.0,12751.66,0,35766.76
23.0,13.0,10756.44,0,37154.94
25.0,11.0,21487.41,1,55950.79
14.0,12.0,22839.09,0,48193.44
47.0,13.0,33805.72,0,48738.48
39.0,12.0,40077.51,0,65641.02
25.0,13.0,39086.1,0,59139.4
32.0,15.0,38793.78,0,58837.74
27.0,11.0,20419.47,0,41328.16
38.0,10.0,33847.97,0,52948.91
27.0,10.0,22662.1,0,37211.87
28.0,10.0,36008.95,0,55469.27
25.0,15.0,30426.68,0,65379.84
35.0,13.0,38849.38,0,66433.92
48.0,14.0,53762.56,0,66554.86
28.0,14.0,29671.65,0,54521.74
28.0,12.0,18966.58,0,43759.42
30.0,15.0,13687.94,0,37195.45
32.0,11.0,21031.92,0,37805.66
28.0,16.0,40668.37,0,68569.47
27.0,12.0,34844.99,0,56020.43
31.0,16.0,32303.04,0,55165.43
16.0,10.0,33814.49,0,53164.38
26.0,11.0,37193.69,0,66602.85
14.0,9.0,14429.54,0,34426.11
26.0,14.0,39862.58,0,62643.09
22.0,13.0,33893.94,0,53996.56
35.0,16.0,15592.67,0,43549.42
24.0,11.0,33354.39,0,56634.79
27.0,15.0,16975.82,0,42707.05
13.0,12.0,35101.8,0,55304.32
38.0,12.0,31199.26,0,61910.75
21.0,11.0,19908.13,0,45333.28
26.0,10.0,34135.05,0,46477.08
36.0,13.0,38090.31,0,53804.71
36.0,12.0,24265.02,0,55352.13
21.0,9.0,37822.66,0,52774.58
34.0,7.0,27214.74,0,46896.66
21.0,11.0,38743.04,0,52571.2
32.0,14.0,29040.55,0,57008.42
24.0,12.0,41731.52,0,70013.92
22.0,9.0,20863.94,0,41219.58
30.0,8.0,21153.51,0,44670.86
24.0,14.0,22120.02,0,53075.29
46.0,9.0,31266.59,0,61337.58
25.0,14.0,28477.19,0,47915.64
20.0,13.0,32865.6,0,55591.65
23.0,15.0,18358.73,0,50893.81
30.0,11.0,22825.1,0,52744.41
31.0,14.0,42706.43,0,62104.55
32.0,15.0,33715.89,0,54916.88
37.0,9.0,36235.9,0,54997.98
17.0,12.0,27446.99,0,45946.49
38.0,12.0,32948.38,0,54416.1
23.0,10.0,25251.22,0,46670.97
33.0,13.0,11497.3,0,35665.0
44.0,10.0,40354.37,0,68495.07
24.0,13.0,31821.79,0,50921.28
23.0,16.0,22679.6,0,46141.86
22.0,12.0,30012.62,0,44113.55
27.0,12.0,25338.45,0,53826.45
40.0,15.0,44984.7,0,62378.33
21.0,15.0,36715.59,0,60395.4
26.0,11.0,18521.62,0,44264.85
38.0,13.0,17166.39,0,30088.52
35.0,6.0,32505.4,0,42553.79
26.0,10.0,31343.64,0,48377.9
28.0,14.0,35179.71,0,67418.71
37.0,11.0,28566.73,0,49410.33
43.0,12.0,23526.6,0,46434.12
44.0,10.0,35096.48,0,53200.96
41.0,10.0,35940.98,0,52963.69
25.0,7.0,42574.74,0,52819.62
45.0,11.0,37344.54,0,56698.54
24.0,13.0,21631.67,0,41480.05
17.0,12.0,32564.52,0,48323.47
31.0,10.0,27141.96,0,46323.47
42.0,9.0,20549.93,0,48697.96
35.0,11.0,12111.17,0,32397.26
29.0,9.0,52477.43,0,63971.2
32.0,10.0,24410.94,0,43861.35
34.0,12.0,28738.11,0,52099.86
31.0,10.0,32198.09,0,48437.41
28.0,15.0,31116.85,0,65370.52
24.0,10.0,4784.28,0,31466.68
31.0,11.0,28342.62,0,54516.29
29.0,14.0,47711.55,0,68865.55
30.0,13.0,27881.64,0,58713.7
38.0,13.0,46351.16,0,62072.02
28.0,11.0,30314.16,0,47791.66
28.0,13.0,26488.6,0,45943.26
32.0,14.0,31444.18,0,54186.42
51.0,13.0,30375.7,0,65303.87
21.0,12.0,30153.34,0,61307.78
39.0,13.0,24179.31,0,55017.8
28.0,12.0,16361.27,0,39969.27
30.0,13.0,35612.51,0,62800.52
20.0,12.0,30948.45,0,58224.22
45.0,9.0,46644.36,0,71185.41
32.0,11.0,29666.47,0,50253.61
35.0,16.0,14861.5,1,49569.11
18.0,8.0,33224.12,0,45015.07
25.0,15.0,30759.21,0,53458.14
33.0,13.0,25691.4,0,46467.68
29.0,12.0,36184.24,0,56436.21
34.0,9.0,34976.22,0,53219.13
47.0,12.0,18030.87,0,41469.07
34.0,11.0,25321.55,0,60998.94
26.0,14.0,40944.25,0,63895.84
25.0,11.0,20202.66,0,48248.79
24.0,11.0,28276.39,0,54847.99
27.0,12.0,32271.78,0,63340.51
27.0,11.0,18461.09,0,36327.97
31.0,14.0,29015.84,0,50593.76
34.0,11.0,28687.55,0,42133.32
33.0,8.0,26765.2,0,38259.16
31.0,12.0,14694.43,0,35219.74
32.0,14.0,29996.88,0,53174.99
50.0,15.0,23814.33,0,53513.81
24.0,13.0,40657.78,0,76350.82
30.0,14.0,34156.73,0,60089.03
16.0,13.0,22229.64,0,48759.95
27.0,10.0,26045.26,1,52015.07
23.0,10.0,31251.26,1,48436.6
24.0,7.0,26029.25,0,44541.67
21.0,12.0,14848.35,0,29476.78
19.0,13.0,32923.62,0,52578.8
31.0,9.0,35261.69,0,56489.36
36.0,15.0,37409.0,0,58715.48
24.0,12.0,39387.44,0,59034.4
14.0,10.0,21716.38,0,37325.8
31.0,9.0,37847.56,0,49762.55
34.0,15.0,18582.17,0,49378.24
35.0,14.0,33571.59,0,63522.25
22.0,11.0,22913.01,0,49099.82
25.0,14.0,34183.1,0,55029.09
21.0,12.0,14921.46,0,26863.24
24.0,11.0,35427.3,0,54391.74
24.0,11.0,22133.2,0,49483.18
26.0,12.0,34828.43,0,48008.94
28.0,11.0,33727.41,0,62687.1
31.0,12.0,33854.13,0,45095.01
23.0,15.0,30476.01,0,56229.7
29.0,17.0,18328.39,0,51144.61
23.0,10.0,44903.3,0,67407.67
16.0,13.0,28700.56,0,51366.07
34.0,12.0,28675.53,0,50598.37
25.0,13.0,43848.39,0,63919.59
16.0,11.0,21110.59,0,37803.3
34.0,13.0,29525.17,0,43656.74
28.0,9.0,31697.59,0,48987.43
34.0,19.0,27682.51,0,60090.69
33.0,13.0,32732.54,0,60565.29
21.0,13.0,24186.93,1,49629.67
37.0,10.0,29318.07,0,58092.55
15.0,11.0,31312.68,0,47887.66
27.0,9.0,43670.17,0,61756.33
26.0,15.0,46561.99,0,71150.38
24.0,10.0,31695.0,0,50161.02
40.0,12.0,41992.38,0,62724.82
32.0,12.0,22749.18,0,54178.09
19.0,13.0,52513.18,0,60208.88
20.0,9.0,27552.82,0,45647.96
47.0,14.0,29671.68,0,47731.12
26.0,14.0,35320.44,0,48995.71
24.0,11.0,38525.32,0,55960.98
39.0,12.0,28285.58,0,49776.14
16.0,13.0,9918.0,0,44738.85
41.0,13.0,36558.63,0,58710.36
24.0,10.0,20899.06,1,52118.97
34.0,13.0,37742.06,0,60678.2
26.0,15.0,37523.11,0,54269.76
17.0,15.0,31925.8,0,45227.6
31.0,13.0,39043.07,0,53851.8
38.0,14.0,25096.89,0,52765.55
11.0,11.0,43747.63,0,66447.88
21.0,10.0,31629.34,0,45051.44
40.0,12.0,28146.77,0,56549.87
33.0,17.0,41412.71,0,65386.64
34.0,11.0,23348.15,0,41034.67
37.0,13.0,8952.35,0,39293.18
34.0,13.0,17523.36,0,51479.95
31.0,11.0,44350.79,0,62590.61
39.0,15.0,32499.6,0,62900.49
27.0,15.0,31701.42,0,57457.83
30.0,17.0,39107.42,0,66145.37
37.0,10.0,32955.59,0,50073.51
24.0,13.0,27248.12,0,51842.97
41.0,12.0,25613.8,0,43639.2
32.0,11.0,18245.74,0,43496.64
21.0,11.0,19330.51,0,47156.46
28.0,12.0,31747.11,0,62441.27
19.0,11.0,28442.99,0,42391.93
31.0,10.0,34880.7,0,56291.35
27.0,12.0,29142.29,0,47428.49
23.0,10.0,19360.15,0,40594.63
16.0,11.0,32456.09,0,59794.74
24.0,13.0,31856.06,0,57330.28
29.0,12.0,30172.63,0,48316.69
27.0,11.0,31572.33,0,48603.72
19.0,16.0,49656.92,0,69155.83
30.0,15.0,18081.52,1,50729.69
22.0,12.0,20428.05,0,43594.99
37.0,10.0,12981.19,0,30385.31
39.0,14.0,30925.61,0,66068.13
28.0,17.0,10640.2,0,51642.62
43.0,15.0,32241.71,0,61441.81
29.0,9.0,29438.18,0,44374.05
20.0,12.0,24261.39,0,41798.18
39.0,11.0,34718.91,0,51495.9
43.0,10.0,32965.95,0,49942.4
38.0,14.0,46050.97,0,65531.98
24.0,14.0,36130.5,0,60021.75
20.0,16.0,29368.65,0,53711.54
27.0,13.0,7186.91,0,42166.83
50.0,12.0,39296.37,0,55693.66
21.0,12.0,39376.76,0,53589.93
37.0,10.0,43236.37,0,52090.56
29.0,15.0,7122.53,0,37013.6
38.0,11.0,32050.84,0,61672.11
20.0,11.0,36585.41,0,52072.9
28.0,11.0,42015.63,0,67433.04
23.0,6.0,36018.98,0,52705.15
23.0,14.0,30605.66,1,62207.7
36.0,10.0,19816.46,0,46065.82
21.0,13.0,28829.21,0,59667.97
32.0,11.0,33888.24,0,53676.24
30.0,11.0,37828.4,0,60871.12
22.0,10.0,14137.61,0,44790.27
24.0,15.0,32954.5,0,50843.59
33.0,15.0,15272.14,0,42898.7
30.0,14.0,32658.79,0,58960.48
30.0,13.0,18526.02,0,39118.77
28.0,12.0,15569.92,1,40851.65
28.0,14.0,48104.76,0,78331.12
30.0,12.0,16178.48,0,36596.68
42.0,15.0,23633.18,0,50012.45
34.0,10.0,29796.29,0,51837.9
29.0,14.0,9175.99,0,39238.07
21.0,15.0,37853.99,0,56396.26
27.0,10.0,22992.77,0,42488.02
23.0,10.0,19798.31,0,35679.1
24.0,12.0,39243.9,0,55262.88
15.0,13.0,16641.28,1,47643.23
30.0,11.0,34476.36,0,58860.09
47.0,12.0,30235.54,0,60772.01
32.0,8.0,30572.9,0,48615.49
36.0,14.0,29436.08,0,53259.09
38.0,14.0,31286.09,0,49649.86
28.0,15.0,7228.97,0,34587.0
28.0,13.0,21257.62,0,46669.22
19.0,11.0,20867.42,0,47159.65
32.0,10.0,41075.14,0,49480.68
30.0,10.0,31586.22,0,50047.93
23.0,12.0,30113.47,0,39214.13
39.0,10.0,48556.36,0,58970.53
24.0,10.0,9755.31,0,39612.1
53.0,12.0,44144.84,0,61287.45
33.0,9.0,30117.94,0,50057.03
30.0,10.0,22448.29,0,49073.0
46.0,12.0,24657.28,0,48924.73
12.0,13.0,25018.39,0,38774.31
28.0,14.0,45000.78,0,65868.2
27.0,12.0,32391.91,0,61328.92
29.0,12.0,36864.6,0,62227.5
32.0,13.0,22578.37,0,46456.68
28.0,12.0,31111.72,0,50148.02
41.0,10.0,39092.94,0,65353.76
33.0,10.0,41261.65,0,52799.63
34.0,15.0,16602.46,0,50094.39
34.0,18.0,38085.72,0,62989.72
20.0,13.0,28541.37,0,42808.05
32.0,10.0,33653.74,0,44396.78
32.0,16.0,24719.95,0,60127.78
21.0,11.0,45258.13,0,60541.47
37.0,13.0,32601.79,0,51877.67
14.0,12.0,24119.96,1,48776.78
50.0,12.0,25110.76,0,49630.76
30.0,11.0,38594.1,0,55242.96
23.0,15.0,37215.26,0,56517.96
35.0,12.0,30805.7,0,53305.54
35.0,13.0,26131.83,0,54919.8
46.0,13.0,39551.27,0,56452.33
44.0,12.0,24738.33,0,57173.51
19.0,9.0,24235.35,0,37526.16
28.0,10.0,55260.83,0,71402.69
23.0,13.0,33787.02,0,54707.38
36.0,13.0,29177.8,0,49109.94
41.0,10.0,25556.68,0,54755.87
19.0,12.0,27897.32,0,44327.91
29.0,12.0,42478.64,0,69395.11
25.0,13.0,38285.79,0,62123.29
37.0,16.0,23510.7,0,48052.57
33.0,7.0,26699.56,0,39456.86
39.0,14.0,16845.63,0,51105.17
27.0,12.0,32631.88,0,48160.72
29.0,10.0,-9677.11,0,17345.49
33.0,12.0,14589.28,0,44115.8
28.0,15.0,30923.0,0,57515.41
32.0,15.0,3754.25,0,33958.98
40.0,10.0,52841.87,0,66615.16
47.0,10.0,21133.35,0,50233.72
26.0,9.0,34837.93,0,43098.25
47.0,12.0,42677.84,0,67342.12
26.0,13.0,32685.61,0,47426.13
37.0,14.0,29948.83,1,55938.17
26.0,13.0,24322.27,0,49391.05
22.0,14.0,16819.28,0,37846.9
40.0,9.0,25243.86,0,53164.05
30.0,16.0,31030.31,0,59783.33
40.0,15.0,29740.56,0,52953.76
36.0,11.0,20450.74,0,43379.1
33.0,10.0,40634.42,0,54072.78
34.0,13.0,15694.4,0,45294.71
39.0,9.0,35949.1,0,63218.52
37.0,11.0,38507.05,0,52841.92
27.0,10.0,32380.2,0,52143.43
33.0,12.0,46638.88,0,67411.38
42.0,11.0,34055.74,0,50507.44
30.0,10.0,43787.66,0,56489.75
26.0,10.0,3331.6,0,19065.74
25.0,11.0,39379.39,0,60035.45
37.0,10.0,35856.78,0,53865.44
28.0,13.0,35348.55,0,53351.37
33.0,14.0,36171.84,0,70090.96
28.0,13.0,25188.83,1,44483.15
39.0,15.0,37588.78,0,69140.07
31.0,10.0,47813.83,0,54039.96
41.0,11.0,11221.75,0,35161.42
41.0,13.0,41899.43,0,56137.83
29.0,13.0,28711.84,0,47872.82
41.0,12.0,23404.3,0,46182.92
27.0,12.0,17894.41,0,38176.75
32.0,10.0,33798.31,0,54582.55
24.0,7.0,45825.52,0,62480.41
35.0,13.0,26110.72,0,50387.69
32.0,14.0,36666.84,0,61396.13
34.0,11.0,29895.08,0,59671.44
19.0,11.0,13565.25,0,32081.8
14.0,11.0,28206.61,1,55584.13
21.0,11.0,23353.11,0,56747.85
34.0,14.0,19865.24,0,55773.96
35.0,10.0,25696.69,0,55912.01
39.0,13.0,26816.49,0,56191.64
27.0,11.0,40065.65,0,64165.65
32.0,8.0,30235.78,0,46115.19
24.0,11.0,15951.57,0,38546.2
41.0,15.0,42065.79,0,66131.29
24.0,11.0,33851.09,0,49258.45
39.0,12.0,32809.15,0,56391.44
28.0,12.0,38735.25,0,55978.89
43.0,12.0,29783.95,0,55053.46
31.0,15.0,24635.97,0,44182.47
31.0,10.0,33465.73,0,50777.25
24.0,12.0,36229.29,0,62376.33
47.0,14.0,33814.27,0,61010.71
38.0,11.0,38110.19,0,65318.76
34.0,12.0,31004.52,0,50741.03
32.0,14.0,20044.12,0,45141.33
25.0,11.0,23708.25,0,45944.52
35.0,12.0,43726.07,0,62738.2
29.0,10.0,30327.32,0,42880.6
30.0,14.0,18724.97,0,47800.12
37.0,12.0,17781.45,0,39039.87
32.0,11.0,16610.46,1,45840.57
30.0,11.0,38238.54,0,47350.8
41.0,12.0,33097.62,0,53514.13
23.0,13.0,48447.33,0,65484.83
17.0,11.0,35761.44,0,55462.47
24.0,11.0,36362.92,0,48491.41
31.0,11.0,49898.45,0,63179.44
36.0,12.0,20312.08,0,54484.44
24.0,15.0,14997.77,1,56845.61
59.0,10.0,35528.9,0,63291.12
31.0,9.0,27559.38,0,53431.23
31.0,15.0,32975.39,0,55448.48
20.0,10.0,42247.64,0,61245.44
18.0,15.0,37615.59,0,61734.42
16.0,14.0,45165.22,0,59058.39
41.0,13.0,20919.2,0,49000.77
40.0,14.0,38973.73,0,62073.18
30.0,8.0,22274.99,0,43993.7
20.0,9.0,46689.34,0,58027.43
28.0,13.0,34481.22,0,48434.84
41.0,11.0,35068.77,0,57642.04
26.0,10.0,24179.95,0,49120.27
23.0,14.0,24686.25,0,52075.47
27.0,13.0,34052.85,0,46266.68
28.0,14.0,47482.64,0,68528.34
36.0,11.0,45823.84,0,68539.06
12.0,12.0,33584.8,1,56988.58
31.0,15.0,25786.98,0,56303.06
24.0,9.0,35729.09,0,45848.8
26.0,12.0,42544.64,0,55281.47
36.0,10.0,32117.99,1,61099.48
20.0,15.0,26127.19,0,48468.46
31.0,17.0,36791.27,0,68397.31
34.0,12.0,27603.18,0,52806.33
35.0,13.0,26448.9,0,46594.8
36.0,12.0,29438.58,0,47745.53
35.0,12.0,36666.03,0,48579.38
36.0,12.0,27774.67,0,54975.06
23.0,9.0,29627.86,0,47011.43
41.0,13.0,31434.58,0,61234.99
21.0,10.0,26181.86,0,46368.17
33.0,11.0,45495.54,0,64853.83
25.0,12.0,48429.11,0,69797.24
16.0,10.0,26971.93,0,44815.17
25.0,13.0,22023.93,0,44240.68
29.0,11.0,25360.08,0,47147.14
41.0,14.0,34458.22,0,64125.5
45.0,10.0,29139.99,0,47771.9
29.0,12.0,17211.95,0,45851.96
19.0,10.0,28441.85,0,46704.09
20.0,14.0,34070.6,0,53211.26
36.0,11.0,39846.38,0,61406.51
36.0,11.0,47569.11,0,71956.06
25.0,12.0,25519.11,0,52908.43
21.0,12.0,23765.7,0,46875.17
38.0,13.0,27494.6,0,55523.86
20.0,13.0,20544.44,0,43765.18
26.0,12.0,22997.53,0,42460.03
34.0,12.0,23057.15,0,49349.64
14.0,6.0,33269.02,0,42955.87
38.0,11.0,21671.47,1,45825.95
49.0,15.0,38246.98,0,63155.72
31.0,13.0,41491.29,0,54062.24
30.0,10.0,18741.57,0,34598.94
30.0,11.0,16950.43,0,51001.77
32.0,11.0,24640.41,0,52508.51
24.0,14.0,25986.73,0,48560.91
21.0,14.0,42660.63,0,64877.5
27.0,10.0,29496.64,0,44717.71
31.0,12.0,34197.09,0,58931.14
22.0,10.0,34178.68,1,57784.04
19.0,11.0,21194.13,0,38022.75
26.0,11.0,27493.03,0,46493.86
19.0,11.0,29872.01,0,46396.2
35.0,13.0,33775.87,0,61078.0
2.0,15.0,15657.44,1,42310.85
21.0,12.0,24054.14,0,37363.05
41.0,10.0,30115.1,0,49999.34
28.0,12.0,25603.81,0,44632.68
31.0,12.0,15978.27,0,34106.04
29.0,12.0,22775.2,0,41830.44
25.0,16.0,16075.31,0,32782.26
39.0,12.0,43809.45,0,60634.22
25.0,13.0,26803.6,0,50656.07
23.0,8.0,29344.92,1,52934.59
35.0,10.0,20210.91,0,45811.01
15.0,13.0,32307.11,0,56571.23
28.0,13.0,36950.68,0,63609.55
26.0,11.0,20837.92,0,37960.35
28.0,13.0,21062.68,0,38387.31
26.0,14.0,25044.06,0,49321.37
33.0,11.0,15999.12,0,43186.81
39.0,11.0,33802.26,0,51378.63
34.0,11.0,37589.99,0,59618.19
27.0,13.0,15674.28,0,50109.31
35.0,11.0,38809.83,0,52231.73
36.0,14.0,38817.26,0,61986.95
33.0,11.0,1591.57,0,34080.48
38.0,11.0,18962.74,0,42740.02
11.0,17.0,23934.33,0,50148.86
30.0,10.0,35683.9,0,58671.34
32.0,14.0,34379.85,0,56051.4
18.0,8.0,20750.77,1,38311.92
32.0,13.0,46245.85,0,66161.99
37.0,17.0,22999.3,0,47773.5
28.0,14.0,21647.53,0,44321.86
35.0,15.0,18391.42,0,48649.47
38.0,12.0,28214.28,0,52921.33
41.0,14.0,39041.68,0,68254.95
39.0,12.0,20987.05,0,48306.45
41.0,16.0,32084.22,0,56005.85
26.0,10.0,32033.6,0,45630.77
27.0,14.0,29685.43,0,56638.09
10.0,13.0,33221.09,0,52675.85
21.0,10.0,39060.93,0,54758.34
40.0,11.0,32729.85,0,57278.56
25.0,9.0,40467.74,0,52683.23
33.0,5.0,18999.37,0,25078.47
32.0,10.0,25577.86,0,51662.21
40.0,11.0,19011.6,0,47662.93
14.0,12.0,35478.96,0,52878.1
33.0,9.0,42218.33,0,55226.05
33.0,11.0,26903.37,0,48360.08
23.0,12.0,32815.43,0,44704.35
38.0,11.0,15054.58,0,40999.78
19.0,10.0,30215.51,0,38092.83
39.0,11.0,13268.4,0,39388.36
13.0,15.0,30606.31,0,48182.2
23.0,9.0,10766.3,0,30973.77
29.0,14.0,46944.79,0,61944.77
32.0,15.0,29493.55,0,62214.69
15.0,11.0,29101.66,0,49382.4
38.0,13.0,49083.37,0,66413.1
36.0,10.0,30660.61,0,51274.97
45.0,13.0,13904.95,0,50735.1
36.0,16.0,25691.92,0,49380.94
24.0,15.0,49451.74,0,63363.95
21.0,11.0,21047.48,0,36341.31
27.0,9.0,25594.51,0,41757.83
47.0,11.0,45467.08,0,74750.92
30.0,13.0,22289.91,0,43655.34
31.0,13.0,29045.81,0,50739.13
41.0,12.0,43504.54,0,65800.6
21.0,16.0,24262.39,0,48962.94
34.0,12.0,22014.47,1,56386.5
34.0,11.0,11569.9,0,41237.78
38.0,13.0,18970.76,0,47393.87
37.0,13.0,21165.89,0,46547.52
30.0,10.0,26368.72,0,52274.49
19.0,10.0,33572.86,0,46832.03
25.0,9.0,29553.71,0,43199.02
37.0,11.0,17684.52,0,40877.36
45.0,14.0,43604.58,0,74092.93
20.0,13.0,18979.73,0,38374.73
20.0,14.0,48036.55,0,63613.04
17.0,11.0,31512.74,1,55253.07
24.0,12.0,40453.67,0,58525.64
38.0,8.0,35298.78,0,52046.44
41.0,14.0,45057.49,0,70502.82
13.0,15.0,29566.34,0,48647.14
20.0,10.0,27334.31,0,51086.18
19.0,15.0,33047.15,0,56648.73
23.0,12.0,27247.1,0,53022.87
28.0,10.0,34535.72,0,49153.11
27.0,11.0,45498.06,0,62389.56
34.0,13.0,13095.01,0,31068.04
15.0,12.0,29239.78,0,54887.0
26.0,11.0,52005.94,0,79085.3
41.0,13.0,26097.01,0,50807.86
41.0,13.0,40137.28,0,65589.63
43.0,12.0,38706.24,0,61846.93
33.0,11.0,15621.62,0,33952.7
25.0,11.0,32968.08,0,58472.43
31.0,13.0,32196.77,0,53621.37
50.0,9.0,61823.79,0,68053.35
26.0,10.0,3740.05,0,25038.49
45.0,12.0,13794.46,0,34672.1
11.0,10.0,27712.84,0,45306.04
35.0,13.0,26423.74,0,51143.23
35.0,12.0,21165.06,0,52225.24
33.0,17.0,21802.78,0,60150.32
34.0,10.0,36842.74,0,66211.41
34.0,12.0,21597.91,0,40966.4
35.0,10.0,24589.07,0,49765.69
27.0,16.0,39970.09,0,67310.73
28.0,15.0,38431.29,0,59096.39
19.0,9.0,25224.24,1,49301.87
36.0,12.0,15343.79,0,43114.67
40.0,12.0,38792.8,0,58764.47
44.0,11.0,20601.55,0,53001.61
23.0,11.0,42918.48,0,61228.9
16.0,14.0,34193.82,0,53280.0
33.0,16.0,28067.3,1,53513.87
21.0,14.0,34384.82,0,61029.61
35.0,14.0,10479.73,0,39401.77
12.0,11.0,44802.3,0,59995.07
39.0,14.0,27908.13,0,49870.08
31.0,14.0,31669.6,0,60078.0
15.0,11.0,24235.49,0,37691.19
32.0,12.0,28292.37,0,39613.89
31.0,9.0,45979.95,0,58241.69
34.0,9.0,27299.78,1,54706.4
36.0,11.0,25823.6,0,50766.62
11.0,10.0,36831.88,0,52162.32
26.0,14.0,33104.16,0,54477.76
29.0,12.0,45537.68,0,64762.85
28.0,13.0,9838.11,0,50764.53
27.0,10.0,25394.94,0,46561.66
38.0,15.0,15751.8,0,42774.07
16.0,13.0,42313.76,0,59536.62
28.0,13.0,17077.81,0,40967.82
28.0,14.0,33297.78,0,56538.93
29.0,13.0,16931.11,0,37449.91
22.0,10.0,25006.37,0,48409.27
47.0,13.0,20046.96,0,50202.45
38.0,10.0,29931.19,0,47990.3
48.0,12.0,50280.48,0,77283.46
35.0,10.0,15745.41,0,30561.78
36.0,15.0,18623.73,0,58205.93
30.0,13.0,35969.81,0,67534.16
43.0,14.0,28471.67,0,63918.87
35.0,10.0,17273.79,0,38722.76
28.0,13.0,25289.56,0,49727.78
45.0,12.0,14863.68,0,40116.75
20.0,12.0,25098.34,0,48368.2
24.0,8.0,20281.72,0,39270.96
52.0,16.0,33109.28,0,60611.7
35.0,12.0,36431.34,0,55786.72
9.0,13.0,3460.96,0,27971.79
38.0,9.0,31070.61,0,66538.26
22.0,15.0,6968.14,0,41392.72
25.0,15.0,30063.08,0,54318.68
50.0,14.0,45915.24,0,69616.51
43.0,13.0,26516.39,0,55522.62
46.0,17.0,32559.09,0,58850.55
25.0,14.0,37373.88,0,57753.32
28.0,9.0,37734.48,0,45231.82
32.0,12.0,38344.37,0,59928.61
37.0,13.0,34351.65,0,58619.63
27.0,12.0,22462.89,0,42914.25
45.0,13.0,36444.25,0,63563.96
34.0,15.0,44899.26,0,68210.12
42.0,12.0,34849.44,0,55228.76
24.0,11.0,31901.48,0,55628.63
27.0,10.0,13251.32,0,34861.4
32.0,8.0,19369.0,0,34918.94
26.0,11.0,22812.34,0,36084.37
38.0,11.0,19013.15,0,50709.35
39.0,12.0,28356.54,0,52609.78
28.0,11.0,20714.31,0,43436.08
35.0,10.0,38662.65,0,57615.02
46.0,11.0,26012.61,0,57066.25
38.0,13.0,18843.28,0,46485.04
35.0,11.0,20772.8,0,52331.1
40.0,12.0,30684.2,0,54971.56
43.0,16.0,27178.48,0,43247.87
42.0,14.0,30417.69,0,63247.56
29.0,12.0,27534.32,0,51944.36
37.0,13.0,47179.9,0,65175.04
28.0,11.0,38566.01,0,55671.69
30.0,11.0,21399.19,0,42653.7
34.0,11.0,10542.92,0,30438.9
18.0,12.0,26400.29,0,51398.84
33.0,12.0,18629.17,0,41175.62
24.0,10.0,12715.13,0,30468.23
21.0,13.0,36384.42,0,77896.13
36.0,11.0,29896.43,0,46276.81
28.0,16.0,41225.43,0,63968.85
32.0,14.0,29260.8,0,42757.36
28.0,9.0,27814.31,0,52821.64
25.0,11.0,17254.42,0,38898.25
31.0,15.0,23740.06,0,54481.32
19.0,13.0,12056.49,0,32074.64
29.0,12.0,40389.33,0,52257.26
46.0,7.0,16831.59,0,36254.04
20.0,12.0,32207.23,0,58138.88
41.0,12.0,27533.09,0,55615.0
47.0,8.0,33886.63,0,46253.99
24.0,13.0,30344.59,1,45147.78
33.0,11.0,16772.35,0,38932.27
20.0,13.0,26673.12,0,53323.38
18.0,12.0,42667.75,0,56286.27
31.0,11.0,21768.46,0,50552.94
33.0,14.0,41574.77,0,64132.49
25.0,13.0,36616.27,0,65712.37
21.0,17.0,31392.97,0,53343.02
24.0,16.0,22607.27,0,48087.14
37.0,10.0,32724.74,0,50304.68
37.0,14.0,24897.0,0,56654.66
35.0,11.0,41046.17,0,63345.77
27.0,10.0,17126.15,0,30243.15
21.0,9.0,33079.96,0,53251.7
41.0,11.0,30287.58,0,46169.13
43.0,14.0,33285.29,0,54709.69
26.0,12.0,37177.75,0,60947.52
29.0,13.0,21117.43,0,39384.31
18.0,6.0,21108.72,1,39228.47
34.0,12.0,32153.68,0,57916.14
47.0,10.0,39646.38,0,63009.42
38.0,9.0,27507.97,0,50139.85
48.0,10.0,44378.93,0,68593.61
27.0,12.0,27000.48,0,55652.73
20.0,13.0,22884.08,0,39327.96
42.0,10.0,34542.55,0,57886.37
31.0,13.0,24538.44,1,58906.4
23.0,14.0,24663.02,0,51773.61
45.0,13.0,32600.01,0,56938.32
25.0,10.0,39318.72,0,55683.24
21.0,11.0,33023.39,0,55754.02
35.0,13.0,31083.01,0,55554.66
20.0,11.0,49235.82,0,69345.14
38.0,13.0,36964.54,0,61050.03
21.0,10.0,26615.09,1,48364.61
32.0,13.0,41027.05,0,53168.59
33.0,14.0,27604.81,0,51252.23
32.0,12.0,36035.55,0,51480.46
20.0,10.0,35401.37,0,43132.09
28.0,9.0,30026.7,0,44121.52
41.0,10.0,22758.4,0,49705.48
28.0,13.0,29724.46,0,51221.87
21.0,12.0,25259.11,0,46844.84
26.0,11.0,32633.12,0,55561.33
20.0,13.0,34224.85,0,53983.04
13.0,8.0,10293.97,0,25332.42
29.0,11.0,33376.56,0,51664.11
31.0,10.0,59252.8,0,77210.95
36.0,9.0,26832.49,0,47752.08
34.0,11.0,39889.22,0,46908.88
35.0,17.0,37419.7,0,62097.79
30.0,13.0,13577.1,0,42718.63
47.0,10.0,34977.04,0,58038.82
23.0,14.0,21593.74,0,41247.71
27.0,9.0,28024.85,0,43568.72
43.0,15.0,15407.06,0,36270.87
27.0,10.0,34422.79,0,55898.16
29.0,12.0,26589.67,0,52423.46
33.0,16.0,43452.91,0,66913.32
39.0,11.0,16404.11,0,40538.89
31.0,16.0,39086.96,0,57764.91
23.0,12.0,34213.51,0,55474.41
27.0,12.0,21416.68,0,36092.09
34.0,10.0,14544.04,0,42611.22
28.0,15.0,27100.86,0,54929.22
26.0,11.0,32366.55,0,57995.26
23.0,16.0,19344.26,0,46046.26
40.0,11.0,20509.86,0,42461.95
29.0,11.0,39904.54,0,60979.42
29.0,14.0,22185.15,0,51476.23
35.0,12.0,35799.09,0,51721.7
19.0,13.0,42188.57,0,59801.78
30.0,9.0,21957.43,0,44341.94
42.0,12.0,17504.77,1,52039.24
29.0,13.0,38719.99,0,57854.5
32.0,15.0,27011.8,0,56564.34
32.0,11.0,25612.02,0,43047.27
38.0,13.0,44286.4,0,75892.48
32.0,14.0,27321.54,0,49477.73
50.0,12.0,32776.53,0,60295.06
32.0,14.0,13885.17,0,38887.83
27.0,17.0,29236.48,0,56178.46
42.0,12.0,21187.2,0,42031.84
28.0,15.0,24930.36,0,55632.32
25.0,13.0,24341.39,0,43456.51
20.0,14.0,43013.9,0,62632.5
34.0,13.0,23368.68,0,48551.59
26.0,14.0,24652.32,0,45614.6
24.0,14.0,45345.25,0,52307.12
25.0,12.0,26431.69,0,53396.52
27.0,11.0,23795.5,0,46065.04
37.0,13.0,41000.5,0,54281.98
34.0,9.0,30159.49,0,40428.61
29.0,13.0,30877.47,0,52097.69
34.0,13.0,32988.84,0,56367.83
29.0,12.0,43396.13,0,61114.24
32.0,12.0,19660.44,0,51366.9
25.0,14.0,41444.23,0,53564.16
25.0,13.0,15062.82,1,46553.69
31.0,14.0,21846.3,0,50800.93
31.0,14.0,21033.69,0,49749.03
38.0,12.0,28589.56,0,57171.4
34.0,12.0,22497.76,0,47351.91
26.0,13.0,42709.99,0,63456.17
20.0,15.0,35200.91,0,55370.38
37.0,13.0,29853.8,0,46275.57
33.0,15.0,21218.2,0,49759.51
38.0,8.0,44013.59,0,58682.92
34.0,13.0,30983.58,0,50444.13
44.0,12.0,27492.16,0,54909.43
28.0,9.0,28639.35,0,49540.97
30.0,9.0,27781.08,0,43732.15
36.0,13.0,38461.12,0,62206.33
37.0,12.0,41303.53,0,62231.77
33.0,14.0,20740.56,0,47646.18
17.0,7.0,23477.15,0,45310.19
16.0,14.0,23975.89,0,48703.44
27.0,14.0,33198.64,0,57929.77
30.0,9.0,39980.62,0,52826.83
15.0,15.0,16269.61,0,37121.16
30.0,16.0,19536.27,0,49569.91
35.0,9.0,26564.03,0,39687.53
30.0,12.0,35337.58,0,54608.68
32.0,12.0,20590.28,0,41524.54
35.0,8.0,26139.36,0,45545.68
17.0,11.0,22785.28,0,41927.88
35.0,15.0,37575.17,0,62565.37
24.0,10.0,28904.6,0,50555.79
28.0,16.0,22712.98,0,54279.77
25.0,13.0,18236.62,1,52477.64
39.0,10.0,26039.53,0,47781.49
21.0,12.0,27360.45,0,45148.18
41.0,9.0,38473.13,0,54122.91
49.0,13.0,40181.74,0,63216.81
18.0,12.0,18169.23,0,34729.92
25.0,11.0,39845.71,0,60434.72
35.0,9.0,37125.87,0,60905.73
22.0,12.0,24689.68,0,38377.26
28.0,12.0,37579.37,0,58086.18
31.0,9.0,22078.59,0,50983.37
24.0,14.0,34056.49,0,48858.89
31.0,13.0,54252.3,0,79475.01
38.0,10.0,32305.49,0,49366.72
29.0,12.0,26582.17,0,45913.66
22.0,14.0,16861.99,0,44589.42
39.0,15.0,30821.15,0,59797.91
41.0,15.0,39979.03,0,64852.55
33.0,16.0,22906.38,0,46698.11
22.0,9.0,35409.5,0,45876.36
23.0,11.0,27366.82,0,46685.83
11.0,9.0,26015.37,0,41158.96
25.0,14.0,34892.88,0,53187.5
39.0,12.0,11068.14,0,36935.99
25.0,15.0,28086.5,0,53154.77
22.0,9.0,39870.57,0,60881.94
38.0,11.0,28151.96,0,51755.13
39.0,10.0,30070.13,0,51423.52
26.0,14.0,28672.79,0,48440.07
34.0,13.0,49126.19,0,65795.27
23.0,8.0,33848.44,0,50714.54
27.0,11.0,17239.43,0,41664.81
15.0,14.0,21340.46,0,42967.81
33.0,14.0,30939.49,0,60080.2
29.0,13.0,42578.6,0,63019.68
25.0,12.0,36611.13,0,54143.34
29.0,10.0,39923.74,0,54655.26
28.0,14.0,18702.37,0,41147.48
23.0,10.0,36307.79,0,55728.93
33.0,9.0,22622.15,0,40405.99
28.0,12.0,28799.87,0,51516.34
29.0,11.0,38500.94,0,53456.96
18.0,13.0,24313.75,0,45725.9
29.0,13.0,15597.16,0,40973.05
29.0,15.0,26319.11,0,64004.61
23.0,13.0,31210.59,0,45921.08
34.0,14.0,36829.14,0,64476.76
13.0,10.0,21109.07,1,40969.22
26.0,13.0,24458.97,0,54967.55
32.0,11.0,32152.21,0,50174.36
47.0,11.0,35458.23,0,63917.42
19.0,10.0,32028.95,0,50741.75
31.0,15.0,28534.64,0,47397.4
34.0,12.0,22604.73,0,47940.31
31.0,10.0,38871.34,0,60199.54
20.0,13.0,42135.41,0,64030.96
26.0,11.0,24155.51,0,44485.95
10.0,10.0,25256.01,1,60674.42
30.0,18.0,36836.68,0,73010.3
19.0,10.0,31672.85,0,50345.97
34.0,16.0,35818.99,0,54533.81
25.0,10.0,32710.16,0,46500.45
24.0,13.0,33797.17,0,53748.89
31.0,12.0,25927.92,0,48325.55
32.0,13.0,10020.19,0,33774.79
37.0,9.0,31933.27,0,49458.04
28.0,9.0,36899.25,0,44148.83
29.0,14.0,32858.28,0,44844.76
19.0,8.0,22539.93,0,40322.27
42.0,10.0,24211.99,0,55311.73
23.0,12.0,54570.93,0,62226.74
36.0,9.0,33517.71,0,52318.73
36.0,10.0,6522.66,0,31963.79
33.0,11.0,24257.63,0,49087.58
28.0,8.0,27829.57,0,42962.9
27.0,9.0,17616.31,0,33210.01
29.0,15.0,28701.56,0,56767.88
15.0,14.0,25070.8,0,37153.66
30.0,17.0,31958.51,0,59964.29
42.0,13.0,27152.04,0,49268.72
28.0,15.0,22999.59,0,49860.78
30.0,11.0,26611.69,0,54196.45
22.0,12.0,38470.59,0,53331.95
31.0,13.0,30640.8,0,51794.67
24.0,8.0,27848.17,0,43143.2
37.0,13.0,33512.44,0,68653.64
39.0,11.0,29984.14,0,51925.92
41.0,11.0,18934.36,0,43541.29
18.0,14.0,36865.43,0,56744.76
36.0,9.0,23756.48,0,51821.78
35.0,12.0,26574.45,1,52215.25
27.0,13.0,14864.19,0,44089.59
40.0,11.0,38219.49,0,55628.17
33.0,12.0,31246.64,0,49593.18
41.0,12.0,32848.55,0,58500.8
20.0,14.0,38138.06,0,64348.27
24.0,12.0,38223.83,0,55155.1
31.0,9.0,22956.98,0,42059.09
39.0,11.0,30121.21,0,55993.45
34.0,11.0,29141.5,0,51290.07
22.0,10.0,28193.95,0,50835.88
44.0,12.0,21954.84,0,40658.03
28.0,12.0,44250.28,0,58015.21
23.0,12.0,40141.64,0,58518.76
24.0,10.0,34434.2,0,54771.28
19.0,12.0,43568.02,0,60333.11
12.0,15.0,34744.35,0,55175.62
29.0,13.0,26969.0,0,53010.53
18.0,14.0,25785.19,0,42052.01
33.0,12.0,33857.24,0,58837.36
38.0,11.0,16218.7,0,46528.38
33.0,14.0,38666.83,0,59542.53
30.0,9.0,13715.26,0,31922.38
18.0,11.0,41023.74,0,61680.91
37.0,12.0,34967.01,0,65642.33
46.0,13.0,49507.35,0,72764.84
41.0,15.0,31800.81,0,53828.48
19.0,14.0,36559.57,0,56782.51
29.0,13.0,36969.91,0,54774.7
28.0,14.0,21144.22,0,49772.71
27.0,14.0,19326.3,0,44579.1
30.0,10.0,20662.21,1,42658.03
47.0,16.0,29672.69,0,60609.03
31.0,14.0,29927.41,0,51056.26
26.0,12.0,30340.55,0,44624.23
32.0,13.0,34941.52,0,60968.86
19.0,9.0,22571.7,0,42822.31
24.0,11.0,38389.9,0,54700.77
38.0,11.0,34305.28,0,62698.31
32.0,11.0,45806.94,0,60364.4
47.0,14.0,34309.3,0,58265.65
32.0,12.0,29305.49,0,53956.46
20.0,10.0,51474.82,0,69179.09
17.0,10.0,29160.38,0,48396.04
38.0,8.0,32895.05,0,49169.23
22.0,14.0,34345.41,0,54382.55
21.0,12.0,39310.55,0,53962.89
26.0,14.0,30855.16,0,51707.87
38.0,18.0,57670.32,0,80727.33
27.0,10.0,24267.03,0,47108.99
23.0,13.0,44895.8,0,59773.94
40.0,15.0,15376.31,0,49901.69
38.0,11.0,20154.56,0,44687.9
43.0,11.0,14437.66,0,37269.46
41.0,13.0,20747.78,0,49764.02
38.0,17.0,13639.82,0,45091.25
24.0,13.0,31081.88,0,50635.85
35.0,10.0,21071.12,0,51308.32
40.0,11.0,45147.87,0,63054.7
45.0,11.0,35026.72,0,55743.44
31.0,8.0,30666.4,0,53971.26
26.0,12.0,32657.55,0,55539.58
23.0,12.0,36460.39,0,59540.76
38.0,12.0,41927.18,0,60385.54
25.0,9.0,25027.59,0,45155.14
31.0,13.0,23183.99,0,40477.47
23.0,10.0,34147.8,0,42339.68
29.0,12.0,45689.45,0,60864.83
34.0,11.0,16380.8,0,40557.68
32.0,14.0,33991.96,0,69934.69
36.0,11.0,42909.71,0,68386.95
19.0,15.0,36156.41,0,51950.29
29.0,12.0,33320.25,0,59120.34
26.0,13.0,35403.63,0,49682.57
22.0,12.0,48033.75,0,72686.98
24.0,10.0,37949.59,0,52929.32
23.0,13.0,14488.81,0,36099.73
33.0,11.0,29154.39,0,56124.6
33.0,13.0,30875.61,0,51180.34
37.0,13.0,40258.65,0,71557.1
33.0,16.0,30832.74,0,54154.66
31.0,13.0,30160.26,0,57761.45
31.0,14.0,30426.84,0,54960.78
35.0,13.0,32398.58,0,59714.96
13.0,12.0,29066.01,0,42393.29
30.0,13.0,25808.67,0,40743.3
33.0,12.0,28522.87,0,46383.57
44.0,11.0,33051.3,0,54459.17
21.0,10.0,36206.68,1,57007.5
21.0,13.0,57364.45,0,70941.73
12.0,11.0,16707.83,0,25913.53
19.0,13.0,35871.8,0,52535.46
29.0,12.0,44757.75,0,63771.26
24.0,11.0,22265.1,0,42868.49
24.0,10.0,36846.71,0,52685.85
30.0,15.0,26351.19,0,49418.77
35.0,11.0,24835.92,1,53297.24
30.0,15.0,22668.68,0,44092.05
30.0,10.0,29093.04,1,53454.33
33.0,15.0,28718.02,0,52597.74
15.0,12.0,37532.98,0,49017.64
31.0,14.0,15558.55,0,41467.22
29.0,9.0,38500.18,0,46148.48
30.0,9.0,38277.9,0,52605.6
25.0,13.0,33089.46,0,55737.4
28.0,10.0,52878.14,0,70005.54
33.0,15.0,42334.25,0,65235.54
43.0,13.0,24991.09,0,52419.31
16.0,11.0,18105.0,1,46588.75
35.0,10.0,23121.77,0,46095.37
40.0,11.0,24189.93,0,54606.13
20.0,11.0,11717.94,1,28598.09
29.0,13.0,34942.73,0,60781.69
32.0,12.0,16861.39,1,35903.74
46.0,14.0,32330.2,0,56281.88
47.0,13.0,39378.61,0,67896.95
20.0,10.0,43994.77,0,62529.32
28.0,11.0,27485.88,0,43804.35
32.0,10.0,22837.2,0,44619.91
34.0,10.0,43364.12,0,58878.01
32.0,8.0,45064.27,0,65019.17
22.0,14.0,36826.38,0,57439.94
22.0,15.0,23080.97,0,44220.81
18.0,10.0,16830.19,0,38931.84
14.0,10.0,41162.34,0,58415.85
17.0,13.0,29383.68,0,49150.44
39.0,10.0,42397.83,0,65404.67
36.0,15.0,23347.82,0,58170.91
34.0,11.0,41087.01,0,49918.92
28.0,8.0,44074.97,0,64657.02
30.0,12.0,27579.7,0,56897.13
28.0,11.0,33086.01,0,55099.93
17.0,12.0,18388.08,0,38903.37
35.0,11.0,18639.95,0,35457.08
37.0,13.0,33172.94,0,57268.04
21.0,13.0,24598.42,0,44671.7
21.0,13.0,32407.08,0,45779.79
33.0,12.0,31638.46,0,50971.71
33.0,12.0,36524.95,0,57568.05
36.0,9.0,35297.0,0,55962.37
41.0,13.0,39205.51,0,57281.35
22.0,13.0,32270.16,0,41686.92
29.0,13.0,33072.98,0,53746.84
22.0,12.0,29979.26,0,45389.65
23.0,13.0,40497.34,1,62911.24
27.0,12.0,48404.04,0,56274.61
42.0,13.0,37496.65,0,60118.26
39.0,12.0,34974.62,0,59434.02
29.0,9.0,27826.5,0,45069.75
13.0,12.0,32429.7,0,50653.07
33.0,10.0,26050.07,0,46100.28
33.0,11.0,23841.22,0,36881.54
23.0,12.0,28038.01,0,49514.86
37.0,14.0,47896.21,0,65703.47
22.0,13.0,29152.48,0,44505.74
37.0,12.0,46234.11,0,70120.33
32.0,14.0,20278.72,0,48451.86
18.0,12.0,31389.64,0,47809.55
27.0,12.0,37207.0,0,56816.36
31.0,11.0,37721.62,0,58452.6
32.0,10.0,19170.03,0,33183.96
38.0,13.0,17842.27,0,39338.29
39.0,9.0,36194.25,0,50207.86
28.0,10.0,24467.36,0,47817.95
34.0,12.0,36344.52,0,66152.93
43.0,10.0,44357.97,0,67317.08
22.0,12.0,23439.02,0,45745.41
25.0,12.0,24778.0,0,42008.26
17.0,11.0,9738.19,0,35724.88
25.0,12.0,38011.02,0,55696.43
32.0,12.0,51304.07,0,64398.88
13.0,10.0,17531.47,0,39971.05
33.0,13.0,42439.6,0,70393.33
26.0,8.0,43354.52,1,66559.62
29.0,16.0,37839.84,0,73820.86
21.0,13.0,23944.83,0,42561.19
29.0,14.0,27565.91,0,49587.08
43.0,13.0,35523.93,0,56025.87
27.0,12.0,35231.18,0,51025.9
12.0,10.0,27494.87,0,51897.34
40.0,12.0,34604.05,0,52036.45
34.0,14.0,26389.01,0,48914.37
31.0,10.0,28874.38,0,55908.48
35.0,12.0,27971.52,0,53531.28
31.0,8.0,40948.23,0,52190.97
43.0,10.0,15714.89,0,41180.71
36.0,10.0,36498.97,0,48191.43
26.0,15.0,33592.59,1,61499.41
42.0,9.0,7308.18,0,33942.53
45.0,13.0,38710.24,0,63382.13
37.0,15.0,39957.86,0,73999.12
33.0,14.0,25947.82,0,55136.3
23.0,15.0,34847.7,0,51701.34
35.0,15.0,32676.15,0,59121.46
33.0,12.0,52318.98,0,70261.57
30.0,13.0,35024.21,0,66254.72
36.0,12.0,31057.64,0,52148.02
31.0,13.0,40949.46,0,62512.1
34.0,13.0,46076.92,0,67918.6
38.0,15.0,50720.11,0,68319.32
19.0,13.0,24024.35,0,38051.33
22.0,10.0,34297.78,0,50759.01
23.0,13.0,23788.36,0,50096.84
46.0,13.0,53211.55,0,68570.06
35.0,10.0,30473.06,0,51249.22
36.0,10.0,39570.74,0,55746.66
39.0,14.0,28346.44,0,44705.71
22.0,11.0,34991.03,0,54417.8
14.0,11.0,11941.53,0,35510.87
29.0,11.0,40401.7,0,62649.99
37.0,12.0,43026.34,0,68263.59
28.0,14.0,24074.23,0,48653.85
19.0,13.0,11901.2,1,43668.59
23.0,11.0,44828.73,1,67429.51
21.0,15.0,43560.18,0,50771.62
25.0,14.0,37910.23,0,51588.23
21.0,14.0,28148.69,0,46946.69
31.0,14.0,27199.45,0,52176.16
26.0,11.0,43340.33,0,62105.69
35.0,10.0,26792.45,0,51868.38
22.0,11.0,31574.52,0,54393.75
32.0,14.0,29947.25,0,55277.67
30.0,10.0,33279.47,0,54664.71
33.0,9.0,28926.56,0,56809.82
34.0,8.0,30096.92,0,51363.06
35.0,9.0,47915.12,0,64681.99
37.0,10.0,35247.48,0,58239.87
34.0,12.0,33826.68,0,60256.28
32.0,10.0,38217.77,0,64495.18
25.0,13.0,18811.81,0,37832.35
37.0,12.0,40176.06,0,53394.94
24.0,8.0,33028.63,0,50258.75
28.0,12.0,23829.37,0,39332.95
23.0,12.0,29037.55,0,48888.52
23.0,16.0,35331.61,0,67741.12
27.0,12.0,30861.95,0,52683.7
28.0,8.0,40861.65,0,56850.02
23.0,12.0,22484.9,0,43142.66
30.0,12.0,18749.32,0,50908.65
31.0,13.0,22379.72,0,49480.95
26.0,17.0,25903.31,0,50784.72
48.0,11.0,31341.72,0,63063.42
33.0,11.0,26685.48,0,49501.35
31.0,13.0,18128.55,0,41555.3
25.0,16.0,16469.44,0,33304.45
31.0,13.0,17216.12,0,44022.61
32.0,11.0,27116.51,0,47136.29
30.0,14.0,21888.99,0,45901.7
41.0,16.0,26161.9,0,52932.39
16.0,10.0,43275.11,0,49207.14
27.0,10.0,18303.29,0,52851.52
36.0,12.0,32996.01,0,52181.62
23.0,13.0,18152.02,0,45030.87
18.0,15.0,16650.7,0,40519.49
26.0,11.0,33712.92,0,39515.69
38.0,13.0,36749.36,0,59132.38
23.0,15.0,37890.31,0,60626.56
27.0,12.0,41109.64,0,58039.99
33.0,11.0,28227.22,0,57720.25
25.0,13.0,32749.68,0,63373.16
26.0,11.0,26146.47,0,48988.07
25.0,13.0,42929.4,0,64091.91
25.0,12.0,20886.83,0,37665.46
21.0,12.0,35008.12,0,48075.76
28.0,11.0,19347.78,0,38988.65
39.0,11.0,31099.91,0,63436.02
43.0,14.0,13935.64,0,40926.13
40.0,12.0,32265.95,0,62777.76
31.0,15.0,49741.17,0,66948.09
43.0,7.0,24413.47,0,40873.0
48.0,11.0,27576.6,0,50204.41
31.0,11.0,38667.03,0,55112.74
22.0,11.0,30446.05,0,46636.47
40.0,10.0,42221.21,0,69619.77
20.0,9.0,33935.76,0,49737.57
23.0,13.0,38755.26,0,57935.47
13.0,11.0,10222.83,0,31786.69
36.0,13.0,30919.55,0,59585.39
11.0,10.0,18921.71,0,37201.45
38.0,9.0,26050.6,0,48684.69
44.0,12.0,34320.73,0,63922.53
44.0,13.0,27703.59,0,48847.42
20.0,11.0,22158.08,0,38281.4
15.0,10.0,42541.59,0,57559.47
25.0,14.0,40072.2,0,57989.46
37.0,12.0,16281.02,0,41156.58
40.0,10.0,37624.67,0,52515.47
35.0,9.0,31701.83,0,47116.33
34.0,11.0,32358.35,1,63906.59
49.0,11.0,45555.46,0,65598.84
26.0,14.0,31548.95,0,51706.19
24.0,12.0,37141.97,0,52300.18
20.0,12.0,32140.38,0,47111.8
33.0,10.0,32195.26,0,47430.74
29.0,15.0,20746.64,0,40616.06
37.0,14.0,54538.97,0,71385.18
26.0,14.0,-755.83,0,27889.59
35.0,12.0,22744.3,0,50282.98
27.0,13.0,25112.47,0,47855.64
29.0,7.0,39084.13,0,48819.22
29.0,12.0,15890.27,0,38301.67
16.0,16.0,28244.1,1,53711.67
29.0,11.0,37868.88,0,53604.65
34.0,10.0,17821.27,0,39291.51
22.0,12.0,28630.41,0,53486.57
45.0,10.0,28319.41,0,55357.73
30.0,10.0,24020.18,0,53359.21
25.0,13.0,30367.45,0,47355.43
25.0,14.0,25744.7,0,43609.24
41.0,13.0,39676.26,0,60636.07
23.0,10.0,35293.75,1,63454.71
32.0,11.0,28156.55,1,44140.1
37.0,13.0,30658.86,0,55151.75
34.0,13.0,26109.31,0,49396.44
25.0,12.0,43367.67,0,64495.47
37.0,10.0,34522.21,0,57275.09
31.0,14.0,28600.36,0,55773.97
16.0,16.0,34385.64,0,58832.25
40.0,14.0,48887.8,0,85326.12
25.0,16.0,23145.36,1,63424.87
29.0,11.0,38845.55,0,61679.68
32.0,14.0,34142.36,0,55445.69
26.0,15.0,27838.66,0,50117.96
36.0,11.0,22703.74,0,52145.48
21.0,10.0,38591.72,0,61395.3
25.0,10.0,32907.85,1,52231.06
40.0,12.0,44438.01,0,55334.13
30.0,9.0,41679.7,0,49213.04
22.0,15.0,33004.48,0,61954.89
31.0,9.0,22779.89,0,50584.08
33.0,13.0,50543.07,0,70007.28
17.0,7.0,23807.07,0,41601.1
43.0,16.0,38305.52,0,74293.5
44.0,14.0,12282.55,0,53258.44
31.0,9.0,45706.62,0,64968.03
28.0,13.0,9661.08,1,40910.33
30.0,12.0,26864.64,0,46883.55
37.0,12.0,19378.44,0,43834.21
34.0,13.0,43955.1,0,61285.96
32.0,10.0,22578.28,0,48102.85
41.0,12.0,35287.98,0,57678.01
39.0,8.0,32669.6,0,48228.06
22.0,12.0,15549.59,1,49716.22
37.0,8.0,40289.72,0,60298.16
39.0,15.0,29840.18,0,57614.76
32.0,9.0,45076.44,0,60773.31
35.0,13.0,36134.95,0,60740.77
28.0,14.0,22399.69,0,45343.41
20.0,16.0,27988.68,0,66037.74
45.0,16.0,27703.57,0,68142.17
19.0,15.0,37779.96,0,54782.27
43.0,12.0,37451.97,0,59320.99
29.0,14.0,23267.95,0,44247.88
40.0,13.0,39471.66,0,52746.84
30.0,13.0,34065.94,0,64545.87
37.0,11.0,36693.92,0,56865.75
34.0,15.0,35178.29,0,54872.67
25.0,10.0,38290.2,0,47290.74
31.0,10.0,20671.88,0,43725.51
29.0,13.0,31900.86,0,55898.83
35.0,8.0,40074.19,0,59561.52
31.0,12.0,41157.21,0,66738.56
32.0,15.0,41141.78,0,69122.11
22.0,13.0,21140.77,0,37664.54
20.0,12.0,50782.47,0,61201.59
31.0,10.0,47650.85,0,69427.01
31.0,9.0,21344.84,0,39272.91
22.0,14.0,27009.77,0,42320.34
35.0,12.0,36851.49,0,51583.43
35.0,13.0,22785.59,0,53146.25
31.0,8.0,35817.23,0,57116.18
30.0,13.0,32117.25,0,55823.92
20.0,16.0,42886.91,0,59539.27
20.0,15.0,34297.18,0,55750.74
33.0,13.0,9694.65,0,36182.14
23.0,10.0,38626.47,0,53285.19
24.0,12.0,42296.29,0,64287.74
32.0,12.0,29369.21,0,49849.54
46.0,11.0,31478.79,0,58153.11
27.0,11.0,31510.85,0,53403.45
46.0,16.0,24146.8,0,47588.33
29.0,10.0,54695.0,0,79669.26
35.0,11.0,22175.97,0,48669.8
38.0,13.0,39279.48,0,54118.02
38.0,16.0,39233.47,0,58216.19
33.0,11.0,25421.4,0,56198.33
28.0,8.0,20636.09,1,46442.46
37.0,8.0,28935.26,0,51003.79
33.0,17.0,36972.95,0,65236.47
27.0,8.0,33067.83,0,55374.99
41.0,12.0,48158.53,0,74592.46
34.0,9.0,24123.54,1,45617.66
24.0,10.0,24366.17,0,47232.74
23.0,11.0,38816.81,0,49346.23
46.0,8.0,13316.89,0,32437.61
26.0,14.0,24368.81,0,47628.03
36.0,13.0,28693.92,0,44518.84
33.0,11.0,29857.52,0,47746.65
36.0,11.0,24923.08,0,37077.09
45.0,14.0,11758.36,0,42542.37
38.0,12.0,44146.86,0,73306.17
37.0,16.0,43619.43,0,68564.27
28.0,11.0,13354.89,0,37648.05
25.0,13.0,36738.34,0,55381.7
49.0,10.0,28649.12,0,57211.72
30.0,11.0,35594.64,0,55283.21
29.0,14.0,32805.99,0,50652.48
32.0,14.0,15427.43,0,44009.94
32.0,16.0,38020.3,0,70167.49
43.0,13.0,24480.28,0,43885.77
34.0,14.0,4036.28,0,29858.97
20.0,13.0,31992.03,0,52223.35
25.0,11.0,14368.11,0,35860.51
30.0,9.0,41447.73,0,60247.04
38.0,12.0,27089.84,0,45935.11
18.0,10.0,30789.25,0,45259.51
34.0,14.0,35196.82,0,59319.07
36.0,14.0,31049.36,1,61665.91
37.0,10.0,24089.7,0,59669.37
29.0,14.0,41295.81,0,67049.24
38.0,10.0,28914.45,0,42746.91
23.0,15.0,18758.09,0,39514.84
38.0,12.0,33547.81,0,49219.73
30.0,13.0,29194.9,0,60244.68
30.0,15.0,29770.47,0,49437.79
30.0,13.0,31257.51,0,57187.44
35.0,12.0,30559.78,0,55656.42
21.0,14.0,44574.86,0,56312.95
37.0,10.0,21989.53,0,42978.79
37.0,8.0,9191.86,0,31566.79
28.0,14.0,30005.88,0,45909.48
30.0,9.0,38318.46,0,64958.42
23.0,14.0,14358.09,0,40806.87
21.0,12.0,33645.31,0,61307.78
32.0,12.0,15933.68,0,52074.11
32.0,10.0,38437.6,0,57984.31
27.0,11.0,30107.89,0,52514.39
20.0,12.0,21201.39,0,39049.72
34.0,12.0,13964.69,0,46968.12
27.0,10.0,51810.79,0,66825.34
24.0,13.0,53052.44,0,68613.39
40.0,14.0,19209.35,0,43184.95
22.0,13.0,18973.86,0,42952.92
34.0,11.0,30790.83,0,55761.98
18.0,14.0,26143.93,0,49253.04
19.0,13.0,26739.17,0,50647.92
34.0,8.0,32837.33,0,50055.57
27.0,12.0,49177.43,0,69750.88
21.0,16.0,43621.06,0,67263.61
38.0,14.0,26797.44,0,58975.87
33.0,14.0,37221.14,0,64709.23
13.0,11.0,11529.55,1,38189.89
38.0,12.0,31359.0,0,56947.3
21.0,12.0,27633.51,0,42281.67
16.0,12.0,39634.55,0,63359.89
23.0,11.0,36219.3,0,53386.19
30.0,10.0,33088.78,0,51310.02
31.0,12.0,34602.45,0,53542.4
17.0,10.0,25664.56,0,39921.15
19.0,13.0,39676.45,0,54564.52
24.0,12.0,34601.37,0,49014.3
24.0,8.0,28377.53,0,44535.23
36.0,15.0,30987.42,0,60939.26
27.0,13.0,38440.9,0,58848.65
36.0,11.0,39386.93,0,63098.98
39.0,11.0,26577.6,0,52748.63
34.0,10.0,21062.83,0,41040.74
5.0,12.0,25443.52,0,49502.28
28.0,13.0,25958.72,0,54639.13
29.0,15.0,31232.52,0,60315.92
30.0,12.0,41974.2,0,63394.17
13.0,12.0,25294.67,0,43303.37
24.0,14.0,33880.19,0,54556.63
19.0,10.0,28157.73,0,45879.57
23.0,12.0,30191.13,0,57851.25
28.0,10.0,33029.62,0,58085.91
24.0,12.0,42015.91,0,53475.43
23.0,14.0,32473.46,0,55785.73
28.0,9.0,4184.31,0,15290.46
26.0,14.0,28008.82,0,49635.15
32.0,13.0,45691.03,0,62205.97
27.0,12.0,41420.83,0,63525.04
17.0,15.0,37906.29,0,53068.47
22.0,10.0,41793.38,0,50561.92
27.0,9.0,38240.23,0,52893.4
26.0,10.0,41599.49,0,58474.84
19.0,13.0,18824.97,0,33169.4
35.0,11.0,29401.41,0,57302.78
32.0,10.0,31475.54,0,50926.31
25.0,10.0,30540.47,0,49642.84
29.0,12.0,24229.33,0,52984.18
21.0,12.0,31463.2,0,47736.24
37.0,9.0,12997.67,0,44331.92
47.0,9.0,34531.66,0,56192.51
25.0,11.0,23262.13,0,48484.49
40.0,14.0,8239.59,0,40605.97
23.0,11.0,30165.14,0,53338.06
26.0,9.0,45481.15,0,60960.92
41.0,12.0,10991.32,0,36573.1
29.0,12.0,27569.56,0,59633.82
35.0,9.0,13778.89,0,37051.5
28.0,10.0,32570.54,0,45701.38
16.0,13.0,38710.41,0,64915.89
49.0,10.0,21907.59,0,45251.22
28.0,14.0,25763.87,1,46220.35
31.0,9.0,28513.18,0,43845.72
24.0,9.0,42394.09,0,47934.02
36.0,12.0,16018.28,0,38217.89
36.0,10.0,25461.24,0,56780.8
18.0,11.0,45707.1,0,63299.28
31.0,12.0,22726.45,0,46734.49
37.0,11.0,26054.98,0,46231.9
40.0,10.0,31801.3,0,52775.1
35.0,13.0,53271.72,0,78206.42
36.0,12.0,18826.27,0,35458.87
26.0,12.0,37553.59,0,71962.38
20.0,12.0,18122.07,0,36081.63
28.0,10.0,19924.51,0,40590.84
20.0,10.0,24865.6,0,43069.84
24.0,11.0,34648.43,0,52916.58
24.0,10.0,24502.59,0,41466.06
22.0,12.0,31329.15,0,55907.28
34.0,11.0,22825.03,0,52032.85
22.0,12.0,30814.88,0,55844.02
45.0,12.0,17022.98,0,44815.01
38.0,16.0,17271.61,0,43983.79
40.0,9.0,24864.65,1,51094.73
24.0,12.0,36110.83,1,59979.0
32.0,10.0,31937.96,0,46753.29
22.0,11.0,22256.27,0,44061.03
32.0,10.0,18684.31,0,50658.84
16.0,13.0,40338.1,0,57871.25
38.0,9.0,43632.43,0,64157.4
25.0,14.0,35077.24,0,53306.98
32.0,13.0,33555.43,0,60817.03
34.0,16.0,8622.01,0,36501.11
26.0,16.0,35936.39,0,57402.73
24.0,10.0,45884.15,0,64421.36
29.0,14.0,40722.13,0,57905.46
36.0,11.0,40180.57,0,62943.05
29.0,13.0,13446.76,0,44386.72
35.0,15.0,22956.88,0,51585.02
36.0,10.0,28551.61,0,54938.95
28.0,12.0,22883.55,0,39652.56
29.0,8.0,18401.25,0,40886.89
31.0,14.0,34191.16,0,55070.05
39.0,16.0,39967.42,0,67933.66
27.0,13.0,16036.01,0,49334.85
39.0,15.0,40379.18,0,49935.35
32.0,14.0,32232.53,0,53374.56
24.0,11.0,46230.33,0,50938.1
30.0,13.0,37948.31,0,52784.7
21.0,13.0,31298.94,0,49857.58
19.0,10.0,31377.31,0,52915.12
35.0,15.0,30021.3,0,59916.42
36.0,11.0,48185.78,0,70710.12
30.0,12.0,36120.54,0,59210.86
30.0,11.0,26320.15,0,41899.81
25.0,12.0,35692.79,0,59716.63
31.0,18.0,34660.87,0,58470.95
46.0,11.0,25771.82,0,52814.29
38.0,9.0,21798.52,0,39372.44
29.0,12.0,41819.54,0,60758.82
29.0,10.0,27376.03,0,47575.23
27.0,11.0,26814.52,0,49759.69
19.0,13.0,35818.19,0,51439.81
26.0,10.0,24822.24,0,48217.89
35.0,11.0,32286.4,0,47614.05
23.0,13.0,26197.57,0,56555.41
28.0,10.0,4207.2,0,25602.87
21.0,12.0,33863.5,0,43434.88
36.0,13.0,32618.23,0,55575.64
20.0,12.0,33538.26,0,50501.44
35.0,12.0,9244.52,0,32067.59
38.0,13.0,16493.24,0,50282.7
27.0,11.0,41625.21,0,63210.72
25.0,9.0,30739.02,0,50866.09
34.0,10.0,11064.97,0,30764.07
43.0,10.0,30845.9,0,50194.27
41.0,14.0,14302.03,0,40997.98
29.0,9.0,24267.06,0,34689.18
23.0,13.0,32535.8,0,55228.8
28.0,11.0,32550.23,0,54022.23
16.0,14.0,40068.54,0,60032.46
26.0,11.0,34652.72,0,55126.38
34.0,12.0,35282.76,0,51345.04
